geoname_id,locale_code,continent_code,continent_name,country_iso_code,country_name,subdivision_1_iso_code,subdivision_1_name,subdivision_2_iso_code,subdivision_2_name,city_name,metro_code,time_zone
32909,en,AS,Asia,IR,Iran,07,"Ostan-e Tehran",,,"Shahre Jadide Andisheh",,Asia/Tehran
49518,en,,Africa/Kigali
51537,en,AF,Africa,SO,Somalia,,,,,,,Africa/Mogadishu
53654,en,AF,Africa,SO,Somalia,BN,Banaadir,,,Mogadishu,,Africa/Mogadishu
57289,en,AF,Africa,SO,Somalia,WO,"Woqooyi Galbeed",,,Hargeisa,,Africa/Mogadishu
69543,en,AS,Asia,YE,Yemen,,,,,,,Asia/Aden
70223,en,AS,Asia,YE,Yemen,DH,"Dhamār",,,Ta`izz,,Asia/Aden
71136,en,AS,Asia,YE,Yemen,HD,"Muhafazat Hadramawt",,,Sana',,Asia/Aden
71137,en,AS,Asia,YE,Yemen,SN,Sanaa,,,Sanaa,,Asia/Aden
74477,en,AS,Asia,YE,Yemen,IB,Ibb,,,Ibb,,Asia/Aden
77843,en,AS,Asia,YE,Yemen,HU,"Al Hudaydah",,,"As Salif",,Asia/Aden
88319,en,AF,Africa,LY,Libya,BA,"Sha'biyat Banghazi",,,Benghazi,,Africa/Tripoli
90150,en,AS,Asia,IQ,Iraq,SD,"Salah ad Din",,,Tikrit,,Asia/Baghdad
90552,en,AS,Asia,IQ,Iraq,AN,Anbar,,,Sulaymaniyah,,Asia/Baghdad
94787,en,AS,Asia,IQ,Iraq,KI,Kirkuk,,,Kirkuk,,Asia/Baghdad
94824,en,AS,Asia,IQ,Iraq,KA,"Muhafazat Karbala'",,,Karbala,,Asia/Baghdad
95445,en,AS,Asia,IQ,Iraq,AR,"Muhafazat Arbil",,,,,Asia/Baghdad
95446,en,AS,Asia,IQ,Iraq,AR,"Muhafazat Arbil",,,Erbil,,Asia/Baghdad
96966,en,AS,Asia,IQ,Iraq,WA,"Muhafazat Wasit",,,Diwaniyah,,Asia/Baghdad
97848,en,AS,Asia,IQ,Iraq,SU,"Muhafazat as Sulaymaniyah",,,Basere,,Asia/Baghdad
98182,en,AS,Asia,IQ,Iraq,BG,Baghdad,,,Baghdad,,Asia/Baghdad
98860,en,AS,Asia,IQ,Iraq,NA,"An Najaf",,,Najaf,,Asia/Baghdad
99072,en,AS,Asia,IQ,Iraq,NI,"Muhafazat Ninawa",,,Mosul,,Asia/Baghdad
99237,en,AS,Asia,IQ,Iraq,,,,,,,Asia/Baghdad
99347,en,AS,Asia,IQ,Iraq,BB,"Muhafazat Babil",,,"Al Hillah",,Asia/Baghdad
99532,en,AS,Asia,IQ,Iraq,BA,Basra,,,Basrah,,Asia/Baghdad
99608,en,AS,Asia,IQ,Iraq,MA,Maysan,,,"Al 'Amarah",,Asia/Baghdad
100425,en,AS,Asia,SA,"Saudi Arabia",03,"Al Madinah al Munawwarah",,,Yanbu,,Asia/Riyadh
101628,en,AS,Asia,SA,"Saudi Arabia",07,Tabuk,,,Tabuk,,Asia/Riyadh
102318,en,AS,Asia,SA,"Saudi Arabia",04,"Eastern Province",,,Sayhat,,Asia/Riyadh
102358,en,AS,Asia,SA,"Saudi Arabia",,,,,,,Asia/Riyadh
102527,en,AS,Asia,SA,"Saudi Arabia",12,"Al Jawf",,,Sakakah,,Asia/Riyadh
102585,en,AS,Asia,SA,"Saudi Arabia",04,"Eastern Province",,,Safwa,,Asia/Riyadh
102891,en,AS,Asia,SA,"Saudi Arabia",04,"Eastern Province",,,"Ras Tanura",,Asia/Riyadh
102912,en,AS,Asia,SA,"Saudi Arabia",04,"Eastern Province",,,"Ra's al Khafji",,Asia/Riyadh
103035,en,AS,Asia,SA,"Saudi Arabia",02,"Makkah Province",,,Rabigh,,Asia/Riyadh
103369,en,AS,Asia,SA,"Saudi Arabia",14,'Asir,,,Bisha,,Asia/Riyadh
103630,en,AS,Asia,SA,"Saudi Arabia",10,Najran,,,Najran,,Asia/Riyadh
104514,en,AS,Asia,SA,"Saudi Arabia",02,"Makkah Province",,,,,Asia/Riyadh
104515,en,AS,Asia,SA,"Saudi Arabia",02,"Makkah Province",,,Mecca,,Asia/Riyadh
104923,en,AS,Asia,SA,"Saudi Arabia",02,"Makkah Province",,,Khulays,,Asia/Riyadh
105072,en,AS,Asia,SA,"Saudi Arabia",14,'Asir,,,"Khamis Mushait",,Asia/Riyadh
105298,en,AS,Asia,SA,"Saudi Arabia",09,Jizan,,,,,Asia/Riyadh
105299,en,AS,Asia,SA,"Saudi Arabia",09,Jizan,,,Jizan,,Asia/Riyadh
105343,en,AS,Asia,SA,"Saudi Arabia",02,"Makkah Province",,,Jeddah,,Asia/Riyadh
106281,en,AS,Asia,SA,"Saudi Arabia",06,"Hai'l Region",,,Ha'il,,Asia/Riyadh
107020,en,AS,Asia,SA,"Saudi Arabia",02,"Makkah Province",,,Dhahban,,Asia/Riyadh
107304,en,AS,Asia,SA,"Saudi Arabia",05,Al-Qassim,,,Buraidah,,Asia/Riyadh
107312,en,AS,Asia,SA,"Saudi Arabia",04,"Eastern Province",,,Abqaiq,,Asia/Riyadh
107797,en,AS,Asia,SA,"Saudi Arabia",04,"Eastern Province",,,Dhahran,,Asia/Riyadh
107968,en,AS,Asia,SA,"Saudi Arabia",02,"Makkah Province",,,Ta'if,,Asia/Riyadh
108179,en,AS,Asia,SA,"Saudi Arabia",14,'Asir,,,,,Asia/Riyadh
108241,en,AS,Asia,SA,"Saudi Arabia",04,"Eastern Province",,,,,Asia/Riyadh
108410,en,AS,Asia,SA,"Saudi Arabia",01,"Ar Riyāḑ",,,Riyadh,,Asia/Riyadh
108411,en,AS,Asia,SA,"Saudi Arabia",01,"Ar Riyāḑ",,,,,Asia/Riyadh
108435,en,AS,Asia,SA,"Saudi Arabia",05,Al-Qassim,,,"Ar Rass",,Asia/Riyadh
108512,en,AS,Asia,SA,"Saudi Arabia",08,"Northern Borders",,,Arar,,Asia/Riyadh
108648,en,AS,Asia,SA,"Saudi Arabia",12,"Al Jawf",,,Qurayyat,,Asia/Riyadh
108927,en,AS,Asia,SA,"Saudi Arabia",04,"Eastern Province",,,"Al Qatif",,Asia/Riyadh
108994,en,AS,Asia,SA,"Saudi Arabia",01,"Ar Riyāḑ",,,"Al Muzahimiyah",,Asia/Riyadh
109223,en,AS,Asia,SA,"Saudi Arabia",03,"Al Madinah al Munawwarah",,,Medina,,Asia/Riyadh
109224,en,AS,Asia,SA,"Saudi Arabia",03,"Al Madinah al Munawwarah",,,,,Asia/Riyadh
109253,en,AS,Asia,SA,"Saudi Arabia",02,"Makkah Province",,,"Al Lith",,Asia/Riyadh
109323,en,AS,Asia,SA,"Saudi Arabia",04,"Eastern Province",,,Khobar,,Asia/Riyadh
109353,en,AS,Asia,SA,"Saudi Arabia",01,"Ar Riyāḑ",,,"Al Kharj",,Asia/Riyadh
109435,en,AS,Asia,SA,"Saudi Arabia",04,"Eastern Province",,,Jubail,,Asia/Riyadh
109436,en,AS,Asia,SA,"Saudi Arabia",04,"Eastern Province",,,"Al Jubayl",,Asia/Riyadh
109571,en,AS,Asia,SA,"Saudi Arabia",04,"Eastern Province",,,"Al Hufuf",,Asia/Riyadh
109953,en,AS,Asia,SA,"Saudi Arabia",11,"Al Bahah",,,"Al Bahah",,Asia/Riyadh
110336,en,AS,Asia,SA,"Saudi Arabia",04,"Eastern Province",,,Dammam,,Asia/Riyadh
110690,en,AS,Asia,SA,"Saudi Arabia",14,'Asir,,,Abha,,Asia/Riyadh
110791,en,AS,Asia,IR,Iran,07,"Ostan-e Tehran",,,,,Asia/Tehran
111453,en,AS,Asia,IR,Iran,11,Zanjan,,,Zanjan,,Asia/Tehran
111821,en,AS,Asia,IR,Iran,25,Yazd,,,,,Asia/Tehran
111822,en,AS,Asia,IR,Iran,25,Yazd,,,Yazd,,Asia/Tehran
112214,en,AS,Asia,IR,Iran,07,"Ostan-e Tehran",,,Varamin,,Asia/Tehran
112656,en,AS,Asia,IR,Iran,21,"Māzandarān",,,Tonekabon,,Asia/Tehran
112931,en,AS,Asia,IR,Iran,07,"Ostan-e Tehran",,,Tehran,,Asia/Tehran
113491,en,AS,Asia,IR,Iran,28,"Ostan-e Qazvin",,,Takestan,,Asia/Tehran
113646,en,AS,Asia,IR,Iran,01,"East Azerbaijan",,,Tabriz,,Asia/Tehran
114930,en,AS,Asia,IR,Iran,31,"Ostan-e Khorasan-e Shomali",,,Shirvan,,Asia/Tehran
115019,en,AS,Asia,IR,Iran,14,Fars,,,Shiraz,,Asia/Tehran
116401,en,AS,Asia,IR,Iran,12,"Semnān",,,,,Asia/Tehran
116402,en,AS,Asia,IR,Iran,12,"Semnān",,,Semnan,,Asia/Tehran
116996,en,AS,Asia,IR,Iran,21,"Māzandarān",,,Sari,,Asia/Tehran
117574,en,AS,Asia,IR,Iran,16,"Ostan-e Kordestan",,,Sanandij,,Asia/Tehran
118704,en,AS,Asia,IR,Iran,15,Kerman,,,Ravar,,Asia/Tehran
118743,en,AS,Asia,IR,Iran,19,"Ostan-e Gilan",,,Rasht,,Asia/Tehran
119505,en,AS,Asia,IR,Iran,28,"Ostan-e Qazvin",,,Qazvin,,Asia/Tehran
121801,en,AS,Asia,IR,Iran,02,"Ostan-e Azarbayjan-e Gharbi",,,Urmia,,Asia/Tehran
121861,en,AS,Asia,IR,Iran,10,Khuzestan,,,Omidiyeh,,Asia/Tehran
124544,en,AS,Asia,IR,Iran,21,"Māzandarān",,,,,Asia/Tehran
124665,en,AS,Asia,IR,Iran,30,"Razavi Khorasan",,,Mashhad,,Asia/Tehran
124763,en,AS,Asia,IR,Iran,22,Markazi,,,,,Asia/Tehran
124877,en,AS,Asia,IR,Iran,01,"East Azerbaijan",,,Maragheh,,Asia/Tehran
125185,en,AS,Asia,IR,Iran,24,"Ostan-e Hamadan",,,Malayer,,Asia/Tehran
125446,en,AS,Asia,IR,Iran,02,"Ostan-e Azarbayjan-e Gharbi",,,Mahabad,,Asia/Tehran
126584,en,AS,Asia,IR,Iran,16,"Ostan-e Kordestan",,,,,Asia/Tehran
126914,en,AS,Asia,IR,Iran,23,Hormozgan,,,Kish,,Asia/Tehran
126972,en,AS,Asia,IR,Iran,02,"Ostan-e Azarbayjan-e Gharbi",,,Khvoy,,Asia/Tehran
127082,en,AS,Asia,IR,Iran,10,Khuzestan,,,,,Asia/Tehran
128226,en,AS,Asia,IR,Iran,17,"Ostan-e Kermanshah",,,Kermanshah,,Asia/Tehran
128231,en,AS,Asia,IR,Iran,15,Kerman,,,,,Asia/Tehran
128234,en,AS,Asia,IR,Iran,15,Kerman,,,Kerman,,Asia/Tehran
128476,en,AS,Asia,IR,Iran,04,Isfahan,,,Kashan,,Asia/Tehran
128747,en,AS,Asia,IR,Iran,32,Alborz,,,Karaj,,Asia/Tehran
130531,en,AS,Asia,IR,Iran,14,Fars,,,Jahrom,,Asia/Tehran
130758,en,AS,Asia,IR,Iran,,,,,,,Asia/Tehran
130801,en,AS,Asia,IR,Iran,05,"Ostan-e Ilam",,,,,Asia/Tehran
130802,en,AS,Asia,IR,Iran,05,"Ostan-e Ilam",,,Ilam,,Asia/Tehran
131222,en,AS,Asia,IR,Iran,23,Hormozgan,,,,,Asia/Tehran
132142,en,AS,Asia,IR,Iran,24,"Ostan-e Hamadan",,,,,Asia/Tehran
132144,en,AS,Asia,IR,Iran,24,"Ostan-e Hamadan",,,Hamadan,,Asia/Tehran
132892,en,AS,Asia,IR,Iran,27,"Ostan-e Golestan",,,Gorgan,,Asia/Tehran
134217,en,AS,Asia,IR,Iran,06,Bushehr,,,"Bandar-e Ganaveh",,Asia/Tehran
134747,en,AS,Asia,IR,Iran,08,"Chaharmahal and Bakhtiari",,,Farsun,,Asia/Tehran
134766,en,AS,Asia,IR,Iran,14,Fars,,,,,Asia/Tehran
139677,en,AS,Asia,IR,Iran,08,"Chaharmahal and Bakhtiari",,,,,Asia/Tehran
139816,en,AS,Asia,IR,Iran,06,Bushehr,,,,,Asia/Tehran
139817,en,AS,Asia,IR,Iran,06,Bushehr,,,"Bandar Būshehr",,Asia/Tehran
140463,en,AS,Asia,IR,Iran,29,"Ostan-e Khorasan-e Jonubi",,,Birjand,,Asia/Tehran
142363,en,AS,Asia,IR,Iran,21,"Māzandarān",,,Babol,,Asia/Tehran
142549,en,AS,Asia,IR,Iran,01,"East Azerbaijan",,,,,Asia/Tehran
142550,en,AS,Asia,IR,Iran,02,"Ostan-e Azarbayjan-e Gharbi",,,,,Asia/Tehran
143073,en,AS,Asia,IR,Iran,25,Yazd,,,Ardakan,,Asia/Tehran
143083,en,AS,Asia,IR,Iran,03,"Ostan-e Ardabil",,,Ardabil,,Asia/Tehran
143127,en,AS,Asia,IR,Iran,22,Markazi,,,Arak,,Asia/Tehran
143534,en,AS,Asia,IR,Iran,21,"Māzandarān",,,Amol,,Asia/Tehran
143860,en,AS,Asia,IR,Iran,07,"Ostan-e Tehran",,,Shahriar,,Asia/Tehran
144448,en,AS,Asia,IR,Iran,10,Khuzestan,,,Ahvaz,,Asia/Tehran
145459,en,AS,Asia,IR,Iran,10,Khuzestan,,,Abadan,,Asia/Tehran
145531,en,AF,Africa,AO,Angola,LSU,"Lunda Sul",,,Saurimo,,Africa/Luanda
145724,en,AF,Africa,AO,Angola,LNO,"Luanda Norte",,,Lucapa,,Africa/Luanda
145952,en,EU,Europe,CY,Cyprus,02,Limassol,,,Ypsonas,,Asia/Nicosia
145963,en,EU,Europe,CY,Cyprus,02,Limassol,,,Germasogeia,,Asia/Nicosia
145964,en,EU,Europe,CY,Cyprus,01,Nicosia,,,Geri,,Asia/Nicosia
146054,en,EU,Europe,CY,Cyprus,01,Nicosia,,,Strovolos,,Asia/Nicosia
146068,en,EU,Europe,CY,Cyprus,04,Ammochostos,,,Sotira,,Asia/Nicosia
146110,en,EU,Europe,CY,Cyprus,03,Larnaka,,,Pyla,,Asia/Nicosia
146150,en,EU,Europe,CY,Cyprus,02,Limassol,,,Pissouri,,Asia/Nicosia
146175,en,EU,Europe,CY,Cyprus,05,Pafos,,,Pegeia,,Asia/Nicosia
146209,en,EU,Europe,CY,Cyprus,04,Ammochostos,,,Paralimni,,Asia/Nicosia
146213,en,EU,Europe,CY,Cyprus,05,Pafos,,,,,Asia/Nicosia
146214,en,EU,Europe,CY,Cyprus,05,Pafos,,,Paphos,,Asia/Nicosia
146268,en,EU,Europe,CY,Cyprus,01,Nicosia,,,Nicosia,,Asia/Nicosia
146365,en,EU,Europe,CY,Cyprus,01,Nicosia,,,Louroukina,,Asia/Nicosia
146383,en,EU,Europe,CY,Cyprus,02,Limassol,,,,,Asia/Nicosia
146384,en,EU,Europe,CY,Cyprus,02,Limassol,,,Limassol,,Asia/Nicosia
146395,en,EU,Europe,CY,Cyprus,01,Nicosia,,,Latsia,,Asia/Nicosia
146398,en,EU,Europe,CY,Cyprus,03,Larnaka,,,,,Asia/Nicosia
146400,en,EU,Europe,CY,Cyprus,03,Larnaka,,,Larnaca,,Asia/Nicosia
146412,en,EU,Europe,CY,Cyprus,06,Keryneia,,,Kyrenia,,Asia/Nicosia
146472,en,EU,Europe,CY,Cyprus,05,Pafos,,,Kissonerga,,Asia/Nicosia
146489,en,EU,Europe,CY,Cyprus,05,Pafos,,,Choletria,,Asia/Nicosia
146490,en,EU,Europe,CY,Cyprus,05,Pafos,,,Chlorakas,,Asia/Nicosia
146523,en,EU,Europe,CY,Cyprus,01,Nicosia,,,"Kato Lakatameia",,Asia/Nicosia
146617,en,EU,Europe,CY,Cyprus,04,Ammochostos,,,Famagusta,,Asia/Nicosia
146619,en,EU,Europe,CY,Cyprus,01,Nicosia,,,Aglantzia,,Asia/Nicosia
146633,en,EU,Europe,CY,Cyprus,02,Limassol,,,Episkopi,,Asia/Nicosia
146639,en,EU,Europe,CY,Cyprus,05,Pafos,,,Empa,,Asia/Nicosia
146666,en,EU,Europe,CY,Cyprus,01,Nicosia,,,Dali,,Asia/Nicosia
146669,en,EU,Europe,CY,Cyprus,,,,,,,Asia/Nicosia
146735,en,EU,Europe,CY,Cyprus,02,Limassol,,,"Saint Athanasios",,Asia/Nicosia
146748,en,EU,Europe,CY,Cyprus,04,Ammochostos,,,"Ayia Napa",,Asia/Nicosia
146783,en,EU,Europe,CY,Cyprus,02,Limassol,,,Arsos,,Asia/Nicosia
146796,en,EU,Europe,CY,Cyprus,03,Larnaka,,,Aradippou,,Asia/Nicosia
147271,en,AS,Asia,AZ,Azerbaijan,SAL,"Salyan Rayon",,,Salyan,,Asia/Baku
147429,en,AS,Asia,AZ,Azerbaijan,NX,Nakhichevan,BAB,"Babek Rayon",Nakhchivan,,Asia/Baku
147982,en,AS,Asia,AZ,Azerbaijan,IMI,"Imishli Rayon",,,Imishli,,Asia/Baku
148730,en,AF,Africa,TZ,Tanzania,15,"Zanzibar Urban/West",,,Zanzibar,,Africa/Dar_es_Salaam
148842,en,AF,Africa,TZ,Tanzania,06,"Pemba North",,,Wete,,Africa/Dar_es_Salaam
149129,en,AF,Africa,TZ,Tanzania,27,Geita,,,Ushirombo,,Africa/Dar_es_Salaam
149590,en,AF,Africa,TZ,Tanzania,,,,,,,Africa/Dar_es_Salaam
149606,en,AF,Africa,TZ,Tanzania,25,Tanga,,,Tanga,,Africa/Dar_es_Salaam
149658,en,AF,Africa,TZ,Tanzania,24,Tabora,,,Tabora,,Africa/Dar_es_Salaam
149703,en,AF,Africa,TZ,Tanzania,20,Rukwa,,,Sumbawanga,,Africa/Dar_es_Salaam
149792,en,AF,Africa,TZ,Tanzania,30,Simiyu,,,Somanda,,Africa/Dar_es_Salaam
149879,en,AF,Africa,TZ,Tanzania,23,Singida,,,Singida,,Africa/Dar_es_Salaam
150006,en,AF,Africa,TZ,Tanzania,22,Shinyanga,,,Shinyanga,,Africa/Dar_es_Salaam
152224,en,AF,Africa,TZ,Tanzania,18,Mwanza,,,Mwanza,,Africa/Dar_es_Salaam
152451,en,AF,Africa,TZ,Tanzania,13,Mara,,,Musoma,,Africa/Dar_es_Salaam
153209,en,AF,Africa,TZ,Tanzania,09,Kilimanjaro,,,Moshi,,Africa/Dar_es_Salaam
153220,en,AF,Africa,TZ,Tanzania,16,Morogoro,,,Morogoro,,Africa/Dar_es_Salaam
154380,en,AF,Africa,TZ,Tanzania,14,Mbeya,,,Mbeya,,Africa/Dar_es_Salaam
155101,en,AF,Africa,TZ,Tanzania,29,Njombe,,,Makumbako,,Africa/Dar_es_Salaam
156589,en,AF,Africa,TZ,Tanzania,11,"Zanzibar Central/South",,,Koani,,Africa/Dar_es_Salaam
156951,en,AF,Africa,TZ,Tanzania,19,Pwani,,,Kisiju,,Africa/Dar_es_Salaam
157738,en,AF,Africa,TZ,Tanzania,08,Kigoma,,,Kigoma,,Africa/Dar_es_Salaam
159071,en,AF,Africa,TZ,Tanzania,04,Iringa,,,Iringa,,Africa/Dar_es_Salaam
159134,en,AF,Africa,TZ,Tanzania,28,Katavi,,,Inyonga,,Africa/Dar_es_Salaam
159908,en,AF,Africa,TZ,Tanzania,27,Geita,,,Geita,,Africa/Dar_es_Salaam
159936,en,AF,Africa,TZ,Tanzania,07,"Zanzibar North",,,Gamba,,Africa/Dar_es_Salaam
160196,en,AF,Africa,TZ,Tanzania,03,Dodoma,,,Dodoma,,Africa/Dar_es_Salaam
160263,en,AF,Africa,TZ,Tanzania,02,"Dar es Salaam Region",,,"Dar es Salaam",,Africa/Dar_es_Salaam
160677,en,AF,Africa,TZ,Tanzania,10,"Pemba South",,,"Chake Chake",,Africa/Dar_es_Salaam
160961,en,AF,Africa,TZ,Tanzania,05,Kagera,,,Bukoba,,Africa/Dar_es_Salaam
161218,en,AF,Africa,TZ,Tanzania,30,Simiyu,,,Bariadi,,Africa/Dar_es_Salaam
161312,en,AF,Africa,TZ,Tanzania,26,Manyara,,,Babati,,Africa/Dar_es_Salaam
161325,en,AF,Africa,TZ,Tanzania,01,Arusha,,,Arusha,,Africa/Dar_es_Salaam
162183,en,AS,Asia,TM,Turkmenistan,A,Ahal,,,Ashgabat,,Asia/Ashgabat
163843,en,AS,Asia,SY,Syria,,,,,,,Asia/Damascus
170017,en,AS,Asia,SY,Syria,HM,"Hama Governorate",,,Hama,,Asia/Damascus
170063,en,AS,Asia,SY,Syria,HL,"Aleppo Governorate",,,Aleppo,,Asia/Damascus
170654,en,AS,Asia,SY,Syria,DI,"Damascus Governorate",,,Damascus,,Asia/Damascus
173576,en,AS,Asia,SY,Syria,LA,"Latakia Governorate",,,Latakia,,Asia/Damascus
173578,en,AS,Asia,SY,Syria,LA,"Latakia Governorate",,,,,Asia/Damascus
174255,en,AS,Asia,SY,Syria,SU,"As-Suwayda Governorate",,,"Ad Darah",,Asia/Damascus
174710,en,AS,Asia,AM,Armenia,VD,"Vayots Dzor",,,Yeghegnadzor,,Asia/Yerevan
174828,en,AS,Asia,AM,Armenia,VD,"Vayots Dzor",,,Malishka,,Asia/Yerevan
174875,en,AS,Asia,AM,Armenia,SU,Syunik,,,Kapan,,Asia/Yerevan
174884,en,AS,Asia,AM,Armenia,VD,"Vayots Dzor",,,Jermuk,,Asia/Yerevan
174979,en,AS,Asia,AM,Armenia,AR,Ararat,,,Artashat,,Asia/Yerevan
174982,en,AS,Asia,AM,Armenia,,,,,,,Asia/Yerevan
174991,en,AS,Asia,AM,Armenia,AR,Ararat,,,Ararat,,Asia/Yerevan
175007,en,AS,Asia,AM,Armenia,SU,Syunik,,,Agarak,,Asia/Yerevan
175499,en,AF,Africa,ZM,Zambia,04,"Luapula Province",,,Nchelenge,,Africa/Lusaka
179330,en,AF,Africa,KE,Kenya,30,"Nairobi Province",,,Thika,,Africa/Nairobi
181032,en,AF,Africa,KE,Kenya,13,"Kiambu District",,,Ruiru,,Africa/Nairobi
182701,en,AF,Africa,KE,Kenya,36,"Nyeri District",,,Nyeri,,Africa/Nairobi
182763,en,AF,Africa,KE,Kenya,600,"Nyanza Province",,,,,Africa/Nairobi
183595,en,AF,Africa,KE,Kenya,10,"Kajiado District",,,Ngong,,Africa/Nairobi
184379,en,AF,Africa,KE,Kenya,33,"Narok District",,,Narok,,Africa/Nairobi
184622,en,AF,Africa,KE,Kenya,31,"Nakuru District",,,Nakuru,,Africa/Nairobi
184707,en,AF,Africa,KE,Kenya,31,"Nakuru District",,,Naivasha,,Africa/Nairobi
184742,en,AF,Africa,KE,Kenya,30,"Nairobi Province",,,,,Africa/Nairobi
184745,en,AF,Africa,KE,Kenya,30,"Nairobi Province",,,Nairobi,,Africa/Nairobi
186301,en,AF,Africa,KE,Kenya,28,"Mombasa District",,,Mombasa,,Africa/Nairobi
187028,en,AF,Africa,KE,Kenya,08,"Homa Bay District",,,Mbita,,Africa/Nairobi
187896,en,AF,Africa,KE,Kenya,24,"Mandera District",,,Mandera,,Africa/Nairobi
188492,en,AF,Africa,KE,Kenya,22,"Machakos District",,,Machakos,,Africa/Nairobi
191245,en,AF,Africa,KE,Kenya,17,Kisumu,,,Kisumu,,Africa/Nairobi
191299,en,AF,Africa,KE,Kenya,16,"Kisii District",,,Kisii,,Africa/Nairobi
191318,en,AF,Africa,KE,Kenya,10,"Kajiado District",,,Kiserian,,Africa/Nairobi
192126,en,AF,Africa,KE,Kenya,13,"Kiambu District",,,Kikuyu,,Africa/Nairobi
192202,en,AF,Africa,KE,Kenya,31,"Nakuru District",,,Kijabe,,Africa/Nairobi
192710,en,AF,Africa,KE,Kenya,13,"Kiambu District",,,Kiambu,,Africa/Nairobi
192900,en,AF,Africa,KE,Kenya,12,"Kericho District",,,Kericho,,Africa/Nairobi
192950,en,AF,Africa,KE,Kenya,,,,,,,Africa/Nairobi
193824,en,AF,Africa,KE,Kenya,13,"Kiambu District",,,Karatina,,Africa/Nairobi
197745,en,AF,Africa,KE,Kenya,07,"Garissa District",,,Garissa,,Africa/Nairobi
198476,en,AF,Africa,KE,Kenya,06,"Embu District",,,Embu,,Africa/Nairobi
198629,en,AF,Africa,KE,Kenya,44,"Uasin Gishu",,,Eldoret,,Africa/Nairobi
199247,en,AF,Africa,KE,Kenya,300,"Coast Province",,,,,Africa/Nairobi
200308,en,AF,Africa,KE,Kenya,02,"Bomet District",,,Bomet,,Africa/Nairobi
200787,en,AF,Africa,KE,Kenya,22,"Machakos District",,,"Athi River",,Africa/Nairobi
202061,en,AF,Africa,RW,Rwanda,01,Kigali,,,Kigali,,Africa/Kigali
203117,en,AF,Africa,RW,Rwanda,05,"Southern Province",,,Butare,,Africa/Kigali
203312,en,AF,Africa,CD,Congo,,,,,,,
216281,en,AF,Africa,CD,Congo,NK,"Nord Kivu",,,Goma,,Africa/Lubumbashi
217831,en,AF,Africa,CD,Congo,SK,"South Kivu Province",,,Bukavu,,Africa/Lubumbashi
223816,en,AF,Africa,DJ,Djibouti,,,,,,,Africa/Djibouti
223817,en,AF,Africa,DJ,Djibouti,DJ,Djibouti,,,Djibouti,,Africa/Djibouti
226074,en,AF,Africa,UG,Uganda,,,,,,,Africa/Kampala
229278,en,AF,Africa,UG,Uganda,E,"Eastern Region",209,"Mbale District",Mbale,,Africa/Kampala
230979,en,AF,Africa,UG,Uganda,C,"Central Region",116,"Nakaseke District",Kisubi,,Africa/Kampala
232422,en,AF,Africa,UG,Uganda,C,"Central Region",102,"Kampala District",Kampala,,Africa/Kampala
239880,en,AF,Africa,CF,"Central African Republic",,,,,,,Africa/Bangui
240498,en,AF,Africa,CF,"Central African Republic",MB,Mbomou,,,Bangassou,,Africa/Bangui
241131,en,AF,Africa,SC,Seychelles,16,"English River",,,Victoria,,Indian/Mahe
241150,en,AF,Africa,SC,Seychelles,23,Takamaka,,,Takamaka,,Indian/Mahe
241170,en,AF,Africa,SC,Seychelles,,,,,,,Indian/Mahe
241423,en,AF,Africa,SC,Seychelles,10,"Bel Ombre",,,"Bel Ombre",,Indian/Mahe
245785,en,AF,Africa,TD,Chad,OD,Ouadaï,,,Abéché,,Africa/Ndjamena
247068,en,AS,Asia,JO,"Hashemite Kingdom of Jordan",JA,Jerash,,,Sakib,,Asia/Amman
247105,en,AS,Asia,JO,"Hashemite Kingdom of Jordan",AM,"Amman Governorate",,,Sahab,,Asia/Amman
247340,en,AS,Asia,JO,"Hashemite Kingdom of Jordan",JA,Jerash,,,Raymun,,Asia/Amman
248174,en,AS,Asia,JO,"Hashemite Kingdom of Jordan",AM,"Amman Governorate",,,Marka,,Asia/Amman
248370,en,AS,Asia,JO,"Hashemite Kingdom of Jordan",MD,Madaba,,,Madaba,,Asia/Amman
248382,en,AS,Asia,JO,"Hashemite Kingdom of Jordan",MN,"Ma’an",,,Ma'an,,Asia/Amman
248816,en,AS,Asia,JO,"Hashemite Kingdom of Jordan",,,,,,,Asia/Amman
248875,en,AS,Asia,JO,"Hashemite Kingdom of Jordan",JA,Jerash,,,Jerash,,Asia/Amman
248946,en,AS,Asia,JO,"Hashemite Kingdom of Jordan",IR,Irbid,,,Irbid,,Asia/Amman
249310,en,AS,Asia,JO,"Hashemite Kingdom of Jordan",AJ,Ajloun,,,Halawah,,Asia/Amman
249842,en,AS,Asia,JO,"Hashemite Kingdom of Jordan",AT,Tafielah,,,Busayra,,Asia/Amman
250090,en,AS,Asia,JO,"Hashemite Kingdom of Jordan",AZ,Zarqa,,,Zarqa,,Asia/Amman
250258,en,AS,Asia,JO,"Hashemite Kingdom of Jordan",BA,Balqa,,,Salt,,Asia/Amman
250267,en,AS,Asia,JO,"Hashemite Kingdom of Jordan",KA,Karak,,,"As Safi",,Asia/Amman
250290,en,AS,Asia,JO,"Hashemite Kingdom of Jordan",MN,"Ma’an",,,"Ash Shawbak",,Asia/Amman
250336,en,AS,Asia,JO,"Hashemite Kingdom of Jordan",IR,Irbid,,,"Ar Ramtha",,Asia/Amman
250441,en,AS,Asia,JO,"Hashemite Kingdom of Jordan",AM,"Amman Governorate",,,Amman,,Asia/Amman
250582,en,AS,Asia,JO,"Hashemite Kingdom of Jordan",MA,Mafraq,,,Mafraq,,Asia/Amman
250731,en,AS,Asia,JO,"Hashemite Kingdom of Jordan",AQ,Aqaba,,,"Al Burj",,Asia/Amman
250751,en,AS,Asia,JO,"Hashemite Kingdom of Jordan",BA,Balqa,,,,,Asia/Amman
250774,en,AS,Asia,JO,"Hashemite Kingdom of Jordan",AQ,Aqaba,,,Aqaba,,Asia/Amman
251261,en,EU,Europe,GR,Greece,H,"Central Greece",04,Euboea,Zarakes,,Europe/Athens
251280,en,EU,Europe,GR,Greece,F,"Ionian Islands",21,"Nomos Zakynthou",Zakynthos,,Europe/Athens
251297,en,EU,Europe,GR,Greece,J,Peloponnese,16,Laconia,Gytheion,,Europe/Athens
251525,en,EU,Europe,GR,Greece,J,Peloponnese,15,Corinthia,Xylokastro,,Europe/Athens
251780,en,EU,Europe,GR,Greece,I,Attica,,,Voula,,Europe/Athens
251823,en,EU,Europe,GR,Greece,G,"West Greece",01,Aitoloakarnania,Vonitsa,,Europe/Athens
251833,en,EU,Europe,GR,Greece,E,Thessaly,43,Magnesia,Volos,,Europe/Athens
251948,en,EU,Europe,GR,Greece,I,Attica,,,Vyronas,,Europe/Athens
252101,en,EU,Europe,GR,Greece,H,"Central Greece",03,"Nomos Voiotias",Vagia,,Europe/Athens
252270,en,EU,Europe,GR,Greece,I,Attica,,,Vari,,Europe/Athens
252291,en,EU,Europe,GR,Greece,G,"West Greece",14,"Ilia Prefecture",Varda,,Europe/Athens
252601,en,EU,Europe,GR,Greece,J,Peloponnese,12,Arcadia,Tripoli,,Europe/Athens
252664,en,EU,Europe,GR,Greece,E,Thessaly,44,Trikala,Trikala,,Europe/Athens
252685,en,EU,Europe,GR,Greece,L,"South Aegean",81,Dodecanese,Ialysos,,Europe/Athens
252848,en,EU,Europe,GR,Greece,E,Thessaly,42,"Nomos Larisis",Tyrnavos,,Europe/Athens
252854,en,EU,Europe,GR,Greece,L,"South Aegean",82,"Nomos Kykladon",Tinos,,Europe/Athens
252910,en,EU,Europe,GR,Greece,H,"Central Greece",03,"Nomos Voiotias",Thebes,,Europe/Athens
252920,en,EU,Europe,GR,Greece,L,"South Aegean",82,"Nomos Kykladon",Fira,,Europe/Athens
253025,en,EU,Europe,GR,Greece,I,Attica,,,Tavros,,Europe/Athens
253170,en,EU,Europe,GR,Greece,H,"Central Greece",06,Phthiotis,Stilís,,Europe/Athens
253302,en,EU,Europe,GR,Greece,I,Attica,,,Stamata,,Europe/Athens
253356,en,EU,Europe,GR,Greece,I,Attica,,,Spetses,,Europe/Athens
253376,en,EU,Europe,GR,Greece,I,Attica,,,Spata,,Europe/Athens
253394,en,EU,Europe,GR,Greece,J,Peloponnese,16,Laconia,Sparti,,Europe/Athens
253396,en,EU,Europe,GR,Greece,I,Attica,,,Sparta,,Europe/Athens
253456,en,EU,Europe,GR,Greece,M,Crete,94,Chania,Souda,,Europe/Athens
253643,en,EU,Europe,GR,Greece,E,Thessaly,43,Magnesia,Skiathos,,Europe/Athens
253716,en,EU,Europe,GR,Greece,I,Attica,,,"Skala Oropou",,Europe/Athens
253739,en,EU,Europe,GR,Greece,J,Peloponnese,16,Laconia,Skala,,Europe/Athens
253759,en,EU,Europe,GR,Greece,M,Crete,92,Lasithi,Sitia,,Europe/Athens
253858,en,EU,Europe,GR,Greece,L,"South Aegean",81,Dodecanese,Symi,,Europe/Athens
253899,en,EU,Europe,GR,Greece,G,"West Greece",14,"Ilia Prefecture",Sykies,,Europe/Athens
254115,en,EU,Europe,GR,Greece,K,"North Aegean",84,Samos,Samos,,Europe/Athens
254144,en,EU,Europe,GR,Greece,I,Attica,,,Salamina,,Europe/Athens
254352,en,EU,Europe,GR,Greece,M,Crete,93,Rethymno,Rethymno,,Europe/Athens
254425,en,EU,Europe,GR,Greece,I,Attica,,,Rafina,,Europe/Athens
254505,en,EU,Europe,GR,Greece,I,Attica,,,Psychiko,,Europe/Athens
254698,en,EU,Europe,GR,Greece,D,Epirus,34,"Nomos Prevezis",Preveza,,Europe/Athens
254865,en,EU,Europe,GR,Greece,I,Attica,,,Poros,,Europe/Athens
255155,en,EU,Europe,GR,Greece,M,Crete,91,"Nomos Irakleiou",Pitsidia,,Europe/Athens
255229,en,EU,Europe,GR,Greece,G,"West Greece",14,"Ilia Prefecture",Pyrgos,,Europe/Athens
255274,en,EU,Europe,GR,Greece,I,Attica,A1,Attica,Piraeus,,Europe/Athens
255319,en,EU,Europe,GR,Greece,I,Attica,,,Pikermi,,Europe/Athens
255361,en,EU,Europe,GR,Greece,E,Thessaly,44,Trikala,Pefki,,Europe/Athens
255377,en,EU,Europe,GR,Greece,I,Attica,,,Petroupolis,,Europe/Athens
255481,en,EU,Europe,GR,Greece,F,"Ionian Islands",23,"Nomos Kefallinias",Pesada,,Europe/Athens
255524,en,EU,Europe,GR,Greece,I,Attica,,,Peristeri,,Europe/Athens
255562,en,EU,Europe,GR,Greece,D,Epirus,32,Thesprotia,Perdika,,Europe/Athens
255588,en,EU,Europe,GR,Greece,I,Attica,,,Perama,,Europe/Athens
255654,en,EU,Europe,GR,Greece,F,"Ionian Islands",22,"Nomos Kerkyras",Gaios,,Europe/Athens
255683,en,EU,Europe,GR,Greece,G,"West Greece",13,Achaea,Pátrai,,Europe/Athens
255691,en,EU,Europe,GR,Greece,I,Attica,,,"Ano Patisia",,Europe/Athens
255721,en,EU,Europe,GR,Greece,L,"South Aegean",82,"Nomos Kykladon",Paros,,Europe/Athens
255736,en,EU,Europe,GR,Greece,D,Epirus,34,"Nomos Prevezis",Parga,,Europe/Athens
255760,en,EU,Europe,GR,Greece,D,Epirus,32,Thesprotia,Paramythia,,Europe/Athens
255971,en,EU,Europe,GR,Greece,I,Attica,,,Pallini,,Europe/Athens
255986,en,EU,Europe,GR,Greece,E,Thessaly,41,"Nomos Kardhitsas","Agioi Anargyroi",,Europe/Athens
256075,en,EU,Europe,GR,Greece,I,Attica,,,"Old Faliron",,Europe/Athens
256175,en,EU,Europe,GR,Greece,J,Peloponnese,11,"Nomos Argolidos","Palaia Epidavros",,Europe/Athens
256197,en,EU,Europe,GR,Greece,I,Attica,,,Paiania,,Europe/Athens
256257,en,EU,Europe,GR,Greece,I,Attica,,,Oropos,,Europe/Athens
256342,en,EU,Europe,GR,Greece,I,Attica,,,Papagou,,Europe/Athens
256344,en,EU,Europe,GR,Greece,L,"South Aegean",82,"Nomos Kykladon",Oia,,Europe/Athens
256429,en,EU,Europe,GR,Greece,I,Attica,,,Nikaia,,Europe/Athens
256558,en,EU,Europe,GR,Greece,J,Peloponnese,15,Corinthia,Nemea,,Europe/Athens
256575,en,EU,Europe,GR,Greece,I,Attica,,,"Nea Smyrni",,Europe/Athens
256589,en,EU,Europe,GR,Greece,M,Crete,92,Lasithi,Neapoli,,Europe/Athens
256592,en,EU,Europe,GR,Greece,I,Attica,,,"Nea Peramos",,Europe/Athens
256598,en,EU,Europe,GR,Greece,I,Attica,,,"Nea Makri",,Europe/Athens
256601,en,EU,Europe,GR,Greece,I,Attica,,,"Nea Liosia",,Europe/Athens
256606,en,EU,Europe,GR,Greece,J,Peloponnese,11,"Nomos Argolidos","Nea Kios",,Europe/Athens
256614,en,EU,Europe,GR,Greece,I,Attica,,,"Nea Ionia",,Europe/Athens
256622,en,EU,Europe,GR,Greece,I,Attica,,,"Nea Erythraia",,Europe/Athens
256626,en,EU,Europe,GR,Greece,H,"Central Greece",04,Euboea,"Nea Artaki",,Europe/Athens
256632,en,EU,Europe,GR,Greece,L,"South Aegean",82,"Nomos Kykladon",Naxos,,Europe/Athens
256637,en,EU,Europe,GR,Greece,J,Peloponnese,11,"Nomos Argolidos",Nafplion,,Europe/Athens
256639,en,EU,Europe,GR,Greece,G,"West Greece",01,Aitoloakarnania,Nafpaktos,,Europe/Athens
256795,en,EU,Europe,GR,Greece,J,Peloponnese,16,Laconia,Monemvasía,,Europe/Athens
256842,en,EU,Europe,GR,Greece,M,Crete,91,"Nomos Irakleiou",Moires,,Europe/Athens
256866,en,EU,Europe,GR,Greece,K,"North Aegean",83,"Nomos Lesvou",Mytilene,,Europe/Athens
257056,en,EU,Europe,GR,Greece,L,"South Aegean",82,"Nomos Kykladon",Mykonos,,Europe/Athens
257122,en,EU,Europe,GR,Greece,J,Peloponnese,17,Messenia,Methoni,,Europe/Athens
257152,en,EU,Europe,GR,Greece,J,Peloponnese,17,Messenia,Messini,,Europe/Athens
257186,en,EU,Europe,GR,Greece,G,"West Greece",01,Aitoloakarnania,Messolonghi,,Europe/Athens
257302,en,EU,Europe,GR,Greece,I,Attica,,,Melissia,,Europe/Athens
257365,en,EU,Europe,GR,Greece,I,Attica,,,Megara,,Europe/Athens
257395,en,EU,Europe,GR,Greece,J,Peloponnese,12,Arcadia,Megalopolis,,Europe/Athens
257671,en,EU,Europe,GR,Greece,I,Attica,,,"Markopoulo Mesogaias",,Europe/Athens
257717,en,EU,Europe,GR,Greece,I,Attica,,,Marathon,,Europe/Athens
257721,en,EU,Europe,GR,Greece,K,"North Aegean",84,Samos,Marathokampos,,Europe/Athens
257811,en,EU,Europe,GR,Greece,I,Attica,,,Mandra,,Europe/Athens
257859,en,EU,Europe,GR,Greece,M,Crete,91,"Nomos Irakleiou",Malia,,Europe/Athens
257868,en,EU,Europe,GR,Greece,H,"Central Greece",06,Phthiotis,Malesina,,Europe/Athens
258007,en,EU,Europe,GR,Greece,I,Attica,,,Magoula,,Europe/Athens
258066,en,EU,Europe,GR,Greece,J,Peloponnese,15,Corinthia,Loutraki,,Europe/Athens
258182,en,EU,Europe,GR,Greece,H,"Central Greece",06,Phthiotis,Livanates,,Europe/Athens
258314,en,EU,Europe,GR,Greece,I,Attica,,,"Porto Rafti",,Europe/Athens
258332,en,EU,Europe,GR,Greece,I,Attica,,,Lykovrysi,,Europe/Athens
258438,en,EU,Europe,GR,Greece,F,"Ionian Islands",24,Lefkada,Lefkada,,Europe/Athens
258508,en,EU,Europe,GR,Greece,I,Attica,,,Leontario,,Europe/Athens
258543,en,EU,Europe,GR,Greece,I,Attica,,,Lavrio,,Europe/Athens
258576,en,EU,Europe,GR,Greece,E,Thessaly,42,"Nomos Larisis",Larissa,,Europe/Athens
258620,en,EU,Europe,GR,Greece,H,"Central Greece",06,Phthiotis,Lamia,,Europe/Athens
258842,en,EU,Europe,GR,Greece,G,"West Greece",14,"Ilia Prefecture",Krestena,,Europe/Athens
258873,en,EU,Europe,GR,Greece,J,Peloponnese,11,"Nomos Argolidos",Kranidi,,Europe/Athens
259245,en,EU,Europe,GR,Greece,L,"South Aegean",81,Dodecanese,Kos,,Europe/Athens
259251,en,EU,Europe,GR,Greece,I,Attica,,,Koropi,,Europe/Athens
259289,en,EU,Europe,GR,Greece,J,Peloponnese,15,Corinthia,Corinth,,Europe/Athens
259302,en,EU,Europe,GR,Greece,E,Thessaly,44,Trikala,Korydallos,,Europe/Athens
259718,en,EU,Europe,GR,Greece,M,Crete,94,Chania,Kissamos,,Europe/Athens
259806,en,EU,Europe,GR,Greece,H,"Central Greece",04,Euboea,Kymi,,Europe/Athens
259824,en,EU,Europe,GR,Greece,I,Attica,,,Kifissia,,Europe/Athens
259830,en,EU,Europe,GR,Greece,J,Peloponnese,15,Corinthia,Kiato,,Europe/Athens
259949,en,EU,Europe,GR,Greece,I,Attica,,,Cholargos,,Europe/Athens
259973,en,EU,Europe,GR,Greece,K,"North Aegean",85,Chios,Chios,,Europe/Athens
260109,en,EU,Europe,GR,Greece,E,Thessaly,44,Trikala,"Agios Konstantinos",,Europe/Athens
260114,en,EU,Europe,GR,Greece,M,Crete,94,Chania,Chania,,Europe/Athens
260133,en,EU,Europe,GR,Greece,H,"Central Greece",04,Euboea,Chalcis,,Europe/Athens
260144,en,EU,Europe,GR,Greece,E,Thessaly,42,"Nomos Larisis",Chalki,,Europe/Athens
260183,en,EU,Europe,GR,Greece,I,Attica,,,Chaidari,,Europe/Athens
260204,en,EU,Europe,GR,Greece,I,Attica,,,Keratsini,,Europe/Athens
260210,en,EU,Europe,GR,Greece,I,Attica,,,Keratea,,Europe/Athens
260348,en,EU,Europe,GR,Greece,L,"South Aegean",82,"Nomos Kykladon",Kea,,Europe/Athens
260465,en,EU,Europe,GR,Greece,E,Thessaly,41,"Nomos Kardhitsas",Metamorfosi,,Europe/Athens
260644,en,EU,Europe,GR,Greece,G,"West Greece",13,Achaea,"Kato Achaia",,Europe/Athens
260891,en,EU,Europe,GR,Greece,H,"Central Greece",05,"Nomos Evrytanias",Karpenisi,,Europe/Athens
260989,en,EU,Europe,GR,Greece,E,Thessaly,41,"Nomos Kardhitsas",Karditsa,,Europe/Athens
261249,en,EU,Europe,GR,Greece,I,Attica,,,Kamatero,,Europe/Athens
261396,en,EU,Europe,GR,Greece,K,"North Aegean",83,"Nomos Lesvou",Kalloni,,Europe/Athens
261414,en,EU,Europe,GR,Greece,I,Attica,,,Kallithea,,Europe/Athens
261507,en,EU,Europe,GR,Greece,L,"South Aegean",81,Dodecanese,Kalymnos,,Europe/Athens
261537,en,EU,Europe,GR,Greece,G,"West Greece",13,Achaea,Kalavryta,,Europe/Athens
261601,en,EU,Europe,GR,Greece,E,Thessaly,44,Trikala,Kalambaka,,Europe/Athens
261604,en,EU,Europe,GR,Greece,J,Peloponnese,17,Messenia,Kalamata,,Europe/Athens
261614,en,EU,Europe,GR,Greece,I,Attica,,,Alimos,,Europe/Athens
261708,en,EU,Europe,GR,Greece,F,"Ionian Islands",23,"Nomos Kefallinias",Ithaki,,Europe/Athens
261720,en,EU,Europe,GR,Greece,H,"Central Greece",04,Euboea,Istiaia,,Europe/Athens
261721,en,EU,Europe,GR,Greece,J,Peloponnese,15,Corinthia,Isthmia,,Europe/Athens
261745,en,EU,Europe,GR,Greece,M,Crete,91,"Nomos Irakleiou",Heraklion,,Europe/Athens
261772,en,EU,Europe,GR,Greece,L,"South Aegean",82,"Nomos Kykladon",Ios,,Europe/Athens
261779,en,EU,Europe,GR,Greece,D,Epirus,33,Ioannina,Ioannina,,Europe/Athens
261807,en,EU,Europe,GR,Greece,D,Epirus,32,Thesprotia,Igoumenitsa,,Europe/Athens
261814,en,EU,Europe,GR,Greece,M,Crete,92,Lasithi,Ierapetra,,Europe/Athens
262036,en,EU,Europe,GR,Greece,I,Attica,,,Glyfada,,Europe/Athens
262098,en,EU,Europe,GR,Greece,G,"West Greece",14,"Ilia Prefecture",Gastouni,,Europe/Athens
262135,en,EU,Europe,GR,Greece,I,Attica,,,Galatsi,,Europe/Athens
262398,en,EU,Europe,GR,Greece,I,Attica,,,Filothei,,Europe/Athens
262411,en,EU,Europe,GR,Greece,D,Epirus,34,"Nomos Prevezis",Filippiada,,Europe/Athens
262420,en,EU,Europe,GR,Greece,D,Epirus,32,Thesprotia,Filiates,,Europe/Athens
262426,en,EU,Europe,GR,Greece,I,Attica,,,Fyli,,Europe/Athens
262603,en,EU,Europe,GR,Greece,L,"South Aegean",82,"Nomos Kykladon",Ermoupolis,,Europe/Athens
262607,en,EU,Europe,GR,Greece,J,Peloponnese,11,"Nomos Argolidos",Ermioni,,Europe/Athens
262628,en,EU,Europe,GR,Greece,H,"Central Greece",04,Euboea,Eretria,,Europe/Athens
262701,en,EU,Europe,GR,Greece,M,Crete,92,Lasithi,Elounda,,Europe/Athens
262715,en,EU,Europe,GR,Greece,D,Epirus,33,Ioannina,Elliniko,,Europe/Athens
262719,en,EU,Europe,GR,Greece,I,Attica,,,Elliniko,,Europe/Athens
262752,en,EU,Europe,GR,Greece,I,Attica,,,Elefsina,,Europe/Athens
262784,en,EU,Europe,GR,Greece,E,Thessaly,42,"Nomos Larisis",Elassona,,Europe/Athens
262833,en,EU,Europe,GR,Greece,I,Attica,,,Ekali,,Europe/Athens
263064,en,EU,Europe,GR,Greece,I,Attica,,,Dionysos,,Europe/Athens
263148,en,EU,Europe,GR,Greece,G,"West Greece",13,Achaea,Diakopto,,Europe/Athens
263824,en,EU,Europe,GR,Greece,M,Crete,92,Lasithi,"Agios Nikolaos",,Europe/Athens
264308,en,EU,Europe,GR,Greece,H,"Central Greece",04,Euboea,Avlonarion,,Europe/Athens
264354,en,EU,Europe,GR,Greece,I,Attica,,,Attiki,,Europe/Athens
264371,en,EU,Europe,GR,Greece,I,Attica,,,Athens,,Europe/Athens
264396,en,EU,Europe,GR,Greece,J,Peloponnese,12,Arcadia,Astros,,Europe/Athens
264416,en,EU,Europe,GR,Greece,G,"West Greece",01,Aitoloakarnania,Astakos,,Europe/Athens
264445,en,EU,Europe,GR,Greece,I,Attica,,,Aspropyrgos,,Europe/Athens
264559,en,EU,Europe,GR,Greece,D,Epirus,31,"Nomos Artas",Arta,,Europe/Athens
264668,en,EU,Europe,GR,Greece,F,"Ionian Islands",23,"Nomos Kefallinias",Argostoli,,Europe/Athens
264670,en,EU,Europe,GR,Greece,J,Peloponnese,11,"Nomos Argolidos",Argos,,Europe/Athens
264683,en,EU,Europe,GR,Greece,J,Peloponnese,16,Laconia,Areopolis,,Europe/Athens
264839,en,EU,Europe,GR,Greece,L,"South Aegean",82,"Nomos Kykladon","Ano Syros",,Europe/Athens
264888,en,EU,Europe,GR,Greece,I,Attica,,,"Ano Liosia",,Europe/Athens
265100,en,EU,Europe,GR,Greece,I,Attica,,,Anavyssos,,Europe/Athens
265243,en,EU,Europe,GR,Greece,I,Attica,,,Marousi,,Europe/Athens
265252,en,EU,Europe,GR,Greece,G,"West Greece",14,"Ilia Prefecture",Amaliada,,Europe/Athens
265342,en,EU,Europe,GR,Greece,H,"Central Greece",03,"Nomos Voiotias",Aliartos,,Europe/Athens
265488,en,EU,Europe,GR,Greece,I,Attica,,,Acharnes,,Europe/Athens
265500,en,EU,Europe,GR,Greece,G,"West Greece",13,Achaea,Aigio,,Europe/Athens
265502,en,EU,Europe,GR,Greece,I,Attica,,,Aegina,,Europe/Athens
265533,en,EU,Europe,GR,Greece,I,Attica,,,Aigaleo,,Europe/Athens
265560,en,EU,Europe,GR,Greece,G,"West Greece",01,Aitoloakarnania,Agrinio,,Europe/Athens
265601,en,EU,Europe,GR,Greece,E,Thessaly,43,Magnesia,Agria,,Europe/Athens
266045,en,AS,Asia,LB,Lebanon,BI,"Mohafazat Beqaa",,,Zahle,,Asia/Beirut
266826,en,AS,Asia,LB,Lebanon,AS,"Mohafazat Liban-Nord",,,Tripoli,,Asia/Beirut
267008,en,AS,Asia,LB,Lebanon,JA,"South Governorate",,,Tyre,,Asia/Beirut
267926,en,AS,Asia,LB,Lebanon,AK,"Mohafazat Aakkar",,,Chadra,,Asia/Beirut
268064,en,AS,Asia,LB,Lebanon,JA,"South Governorate",,,Sidon,,Asia/Beirut
270220,en,AS,Asia,LB,Lebanon,JL,"Mohafazat Mont-Liban",,,Mkalles,,Asia/Beirut
272103,en,AS,Asia,LB,Lebanon,,,,,,,Asia/Beirut
273140,en,AS,Asia,LB,Lebanon,JL,"Mohafazat Mont-Liban",,,Jounieh,,Asia/Beirut
274109,en,AS,Asia,LB,Lebanon,JL,"Mohafazat Mont-Liban",,,"Hai ech Chami",,Asia/Beirut
274723,en,AS,Asia,LB,Lebanon,AK,"Mohafazat Aakkar",,,Halba,,Asia/Beirut
274890,en,AS,Asia,LB,Lebanon,JL,"Mohafazat Mont-Liban",,,Ghosta,,Asia/Beirut
274939,en,AS,Asia,LB,Lebanon,JL,"Mohafazat Mont-Liban",,,Ghazir,,Asia/Beirut
275115,en,AS,Asia,LB,Lebanon,JL,"Mohafazat Mont-Liban",,,Ghadir,,Asia/Beirut
275268,en,AS,Asia,LB,Lebanon,JL,"Mohafazat Mont-Liban",,,Fatqa,,Asia/Beirut
275761,en,AS,Asia,LB,Lebanon,JL,"Mohafazat Mont-Liban",,,Daraaoun,,Asia/Beirut
276377,en,AS,Asia,LB,Lebanon,JL,"Mohafazat Mont-Liban",,,Broummana,,Asia/Beirut
276533,en,AS,Asia,LB,Lebanon,JL,"Mohafazat Mont-Liban",,,"Bir Hassan",,Asia/Beirut
276692,en,AS,Asia,LB,Lebanon,JL,"Mohafazat Mont-Liban",,,"Beit Chabab",,Asia/Beirut
276781,en,AS,Asia,LB,Lebanon,BA,Beyrouth,,,Beirut,,Asia/Beirut
276951,en,AS,Asia,LB,Lebanon,AS,"Mohafazat Liban-Nord",,,Barsa,,Asia/Beirut
277130,en,AS,Asia,LB,Lebanon,BH,"Mohafazat Baalbek-Hermel",,,Baalbek,,Asia/Beirut
277224,en,AS,Asia,LB,Lebanon,JL,"Mohafazat Mont-Liban",,,Baabdat,,Asia/Beirut
277226,en,AS,Asia,LB,Lebanon,JL,"Mohafazat Mont-Liban",,,Baabda,,Asia/Beirut
278792,en,AS,Asia,LB,Lebanon,JL,"Mohafazat Mont-Liban",,,Antelias,,Asia/Beirut
279997,en,AS,Asia,LB,Lebanon,BH,"Mohafazat Baalbek-Hermel",,,"El Hermel",,Asia/Beirut
280226,en,AS,Asia,LB,Lebanon,JL,"Mohafazat Mont-Liban",,,"El Bouar",,Asia/Beirut
280322,en,AS,Asia,LB,Lebanon,JL,"Mohafazat Mont-Liban",,,"El Baouchriye",,Asia/Beirut
280425,en,AS,Asia,LB,Lebanon,JL,"Mohafazat Mont-Liban",,,Aaley,,Asia/Beirut
280446,en,AS,Asia,LB,Lebanon,BA,Beyrouth,,,"El Achrafiye",,Asia/Beirut
280686,en,AS,Asia,LB,Lebanon,JL,"Mohafazat Mont-Liban",,,Adonis,,Asia/Beirut
280733,en,AS,Asia,LB,Lebanon,JL,"Mohafazat Mont-Liban",,,Dbaiye,,Asia/Beirut
280789,en,AS,Asia,LB,Lebanon,JL,"Mohafazat Mont-Liban",,,"Ed Damour",,Asia/Beirut
281133,en,AS,Asia,PS,Palestine,,,,,Gaza,,Asia/Gaza
281184,en,AS,Asia,IL,Israel,JM,Jerusalem,,,Jerusalem,,Asia/Jerusalem
281577,en,AS,Asia,PS,Palestine,,,,,Tulkarm,,Asia/Hebron
282039,en,AS,Asia,PS,Palestine,,,,,Salfit,,Asia/Hebron
282163,en,AS,Asia,IL,Israel,,,,,"Kiryat Netafim",,Asia/Jerusalem
282239,en,AS,Asia,PS,Palestine,,,,,Ramallah,,Asia/Hebron
282582,en,AS,Asia,IL,Israel,JM,Jerusalem,,,"Har Adar",,Asia/Jerusalem
282615,en,AS,Asia,PS,Palestine,,,,,Nablus,,Asia/Hebron
283506,en,AS,Asia,PS,Palestine,,,,,Jenin,,Asia/Hebron
284271,en,AS,Asia,PS,Palestine,,,,,Bidya,,Asia/Hebron
284315,en,AS,Asia,PS,Palestine,,,,,Bethlehem,,Asia/Hebron
284899,en,AS,Asia,PS,Palestine,,,,,Jericho,,Asia/Hebron
285066,en,AS,Asia,PS,Palestine,,,,,Hebron,,Asia/Hebron
285570,en,AS,Asia,KW,Kuwait,,,,,,,Asia/Kuwait
285590,en,AS,Asia,KW,Kuwait,KU,"Al Asimah",,,Kayfan,,Asia/Kuwait
285603,en,AS,Asia,KW,Kuwait,FA,"Al Farwaniyah",,,"Janub as Surrah",,Asia/Kuwait
285604,en,AS,Asia,KW,Kuwait,,,,,"Jalib ash Shuyukh",,Asia/Kuwait
285629,en,AS,Asia,KW,Kuwait,HA,Hawalli,,,Hawalli,,Asia/Kuwait
285663,en,AS,Asia,KW,Kuwait,HA,Hawalli,,,Bayan,,Asia/Kuwait
285704,en,AS,Asia,KW,Kuwait,HA,Hawalli,,,"As Salimiyah",,Asia/Kuwait
285713,en,AS,Asia,KW,Kuwait,KU,"Al Asimah",,,"Ash Shuwaykh",,Asia/Kuwait
285716,en,AS,Asia,KW,Kuwait,AH,"Al Aḩmadī",,,"Ash Shu`aybah",,Asia/Kuwait
285726,en,AS,Asia,KW,Kuwait,HA,Hawalli,,,"Ar Rumaythiyah",,Asia/Kuwait
285734,en,AS,Asia,KW,Kuwait,KU,"Al Asimah",,,"Ar Rawdah",,Asia/Kuwait
285787,en,AS,Asia,KW,Kuwait,KU,"Al Asimah",,,"Kuwait City",,Asia/Kuwait
285799,en,AS,Asia,KW,Kuwait,JA,"Muhafazat al Jahra'",,,"Al Jahra",,Asia/Kuwait
285810,en,AS,Asia,KW,Kuwait,MU,"Mubārak al Kabīr",,,"Al Funaytis",,Asia/Kuwait
285812,en,AS,Asia,KW,Kuwait,AH,"Al Aḩmadī",,,"Al Fintas",,Asia/Kuwait
285815,en,AS,Asia,KW,Kuwait,FA,"Al Farwaniyah",,,"Al Farwaniyah",,Asia/Kuwait
285839,en,AS,Asia,KW,Kuwait,AH,"Al Aḩmadī",,,"Al Ahmadi",,Asia/Kuwait
285855,en,AS,Asia,KW,Kuwait,,,,,"Ad Dawhah",,Asia/Kuwait
285856,en,AS,Asia,KW,Kuwait,KU,"Al Asimah",,,"Ad Dasmah",,Asia/Kuwait
285866,en,AS,Asia,KW,Kuwait,FA,"Al Farwaniyah",,,"Abraq Khaytan",,Asia/Kuwait
286282,en,AS,Asia,OM,Oman,BS,"Al Batinah North Governorate",,,Sohar,,Asia/Muscat
286621,en,AS,Asia,OM,Oman,ZU,Dhofar,,,Salalah,,Asia/Muscat
286696,en,AS,Asia,OM,Oman,MA,Muscat,,,Ruwi,,Asia/Muscat
286963,en,AS,Asia,OM,Oman,,,,,,,Asia/Muscat
286987,en,AS,Asia,OM,Oman,DA,"Ad Dakhiliyah",,,Nizwa,,Asia/Muscat
287275,en,AS,Asia,OM,Oman,MA,Muscat,,,Mutrah,,Asia/Muscat
287286,en,AS,Asia,OM,Oman,MA,Muscat,,,Muscat,,Asia/Muscat
288967,en,AS,Asia,OM,Oman,MA,Muscat,,,Seeb,,Asia/Muscat
289189,en,AS,Asia,OM,Oman,MA,Muscat,,,"Al Khawd",,Asia/Muscat
289523,en,AS,Asia,QA,Qatar,US,"Baladiyat Umm Salal",,,"Umm Salal Muhammad",,Asia/Qatar
289688,en,AS,Asia,QA,Qatar,,,,,,,Asia/Qatar
289739,en,AS,Asia,QA,Qatar,MS,"Baladiyat ash Shamal",,,"Madinat ash Shamal",,Asia/Qatar
289847,en,AS,Asia,QA,Qatar,ZA,"Baladiyat az Za'ayin",,,"Az Za`ayin",,Asia/Qatar
289888,en,AS,Asia,QA,Qatar,RA,"Baladiyat ar Rayyan",,,"Ar Rayyan",,Asia/Qatar
289915,en,AS,Asia,QA,Qatar,WA,"Al Wakrah",,,"Al Wakrah",,Asia/Qatar
289962,en,AS,Asia,QA,Qatar,KH,"Baladiyat al Khawr wa adh Dhakhirah",,,"Al Khor",,Asia/Qatar
290030,en,AS,Asia,QA,Qatar,DA,"Baladiyat ad Dawhah",,,Doha,,Asia/Qatar
290087,en,AS,Asia,BH,Bahrain,13,Manama,,,"Umm al Hassam",,Asia/Bahrain
290091,en,AS,Asia,BH,Bahrain,13,Manama,,,Tubli,,Asia/Bahrain
290104,en,AS,Asia,BH,Bahrain,13,Manama,,,Sitrah,,Asia/Bahrain
290118,en,AS,Asia,BH,Bahrain,,,,,Sar,,Asia/Bahrain
290120,en,AS,Asia,BH,Bahrain,13,Manama,,,Sanad,,Asia/Bahrain
290121,en,AS,Asia,BH,Bahrain,13,Manama,,,Sanabis,,Asia/Bahrain
290127,en,AS,Asia,BH,Bahrain,,,,,Salmabad,,Asia/Bahrain
290160,en,AS,Asia,BH,Bahrain,15,Muharraq,,,Qalali,,Asia/Bahrain
290163,en,AS,Asia,BH,Bahrain,,,,,"Nur Juruft",,Asia/Bahrain
290187,en,AS,Asia,BH,Bahrain,14,"Southern Governorate",,,"Madinat `Isa",,Asia/Bahrain
290204,en,AS,Asia,BH,Bahrain,13,Manama,,,Karbabad,,Asia/Bahrain
290247,en,AS,Asia,BH,Bahrain,17,Northern,,,"Madinat Hamad",,Asia/Bahrain
290260,en,AS,Asia,BH,Bahrain,,,,,Dumistan,,Asia/Bahrain
290286,en,AS,Asia,BH,Bahrain,,,,,Barbar,,Asia/Bahrain
290291,en,AS,Asia,BH,Bahrain,,,,,,,Asia/Bahrain
290299,en,AS,Asia,BH,Bahrain,14,"Southern Governorate",,,"Oil City",,Asia/Bahrain
290306,en,AS,Asia,BH,Bahrain,,,,,"Ash Shakhurah",,Asia/Bahrain
290319,en,AS,Asia,BH,Bahrain,14,"Southern Governorate",,,"An Nuwaydirat",,Asia/Bahrain
290332,en,AS,Asia,BH,Bahrain,15,Muharraq,,,"Al Muharraq",,Asia/Bahrain
290340,en,AS,Asia,BH,Bahrain,13,Manama,,,Manama,,Asia/Bahrain
290351,en,AS,Asia,BH,Bahrain,17,Northern,,,"Al Jasrah",,Asia/Bahrain
290352,en,AS,Asia,BH,Bahrain,,,,,"Al Janabiyah",,Asia/Bahrain
290359,en,AS,Asia,BH,Bahrain,,,,,"Al Hamalah",,Asia/Bahrain
290363,en,AS,Asia,BH,Bahrain,15,Muharraq,,,"Al Hadd",,Asia/Bahrain
290368,en,AS,Asia,BH,Bahrain,,,,,"Al Budayyi`",,Asia/Bahrain
290557,en,AS,Asia,AE,"United Arab Emirates",,,,,,,Asia/Dubai
290594,en,AS,Asia,AE,"United Arab Emirates",UQ,"Umm al Qaywayn",,,"Umm al-Quwain",,Asia/Dubai
291074,en,AS,Asia,AE,"United Arab Emirates",RK,"Ra's al Khaymah",,,"Ras al-Khaimah",,Asia/Dubai
291763,en,AS,Asia,AE,"United Arab Emirates",SH,"Ash Shariqah",,,Kalba,,Asia/Dubai
291794,en,AS,Asia,AE,"United Arab Emirates",RK,"Ra's al Khaymah",,,"Al Jazirah al Hamra'",,Asia/Dubai
292223,en,AS,Asia,AE,"United Arab Emirates",DU,Dubai,,,Dubai,,Asia/Dubai
292261,en,AS,Asia,AE,"United Arab Emirates",DU,Dubai,,,Dayrah,,Asia/Dubai
292672,en,AS,Asia,AE,"United Arab Emirates",SH,"Ash Shariqah",,,Sharjah,,Asia/Dubai
292878,en,AS,Asia,AE,"United Arab Emirates",FU,"Al Fujayrah",,,Fujairah,,Asia/Dubai
292913,en,AS,Asia,AE,"United Arab Emirates",AZ,"Abu Dhabi",,,"Al Ain",,Asia/Dubai
292932,en,AS,Asia,AE,"United Arab Emirates",AJ,Ajman,,,Ajman,,Asia/Dubai
292953,en,AS,Asia,AE,"United Arab Emirates",SH,"Ash Shariqah",,,"Adh Dhayd",,Asia/Dubai
292968,en,AS,Asia,AE,"United Arab Emirates",AZ,"Abu Dhabi",,,"Abu Dhabi",,Asia/Dubai
293009,en,AS,Asia,IL,Israel,D,"Southern District",,,"Be'er Toviyya",,Asia/Jerusalem
293014,en,AS,Asia,IL,Israel,M,"Central District",,,"Zur Moshe",,Asia/Jerusalem
293020,en,AS,Asia,IL,Israel,JM,Jerusalem,,,"Zur Hadassa",,Asia/Jerusalem
293038,en,AS,Asia,IL,Israel,M,"Central District",,,Zofit,,Asia/Jerusalem
293057,en,AS,Asia,IL,Israel,Z,"Northern District",,,Zippori,,Asia/Jerusalem
293080,en,AS,Asia,IL,Israel,HA,Haifa,,,Zerufa,,Asia/Jerusalem
293100,en,AS,Asia,IL,Israel,Z,"Northern District",,,Safed,,Asia/Jerusalem
293198,en,AS,Asia,IL,Israel,JM,Jerusalem,,,,,Asia/Jerusalem
293203,en,AS,Asia,IL,Israel,D,"Southern District",,,Yeroham,,Asia/Jerusalem
293207,en,AS,Asia,IL,Israel,M,"Central District",,,Yehud,,Asia/Jerusalem
293214,en,AS,Asia,IL,Israel,M,"Central District",,,Yedidya,,Asia/Jerusalem
293222,en,AS,Asia,IL,Israel,M,"Central District",,,Yavne,,Asia/Jerusalem
293228,en,AS,Asia,IL,Israel,M,"Central District",,,Yashresh,,Asia/Jerusalem
293231,en,AS,Asia,IL,Israel,M,"Central District",,,Yarhiv,,Asia/Jerusalem
293233,en,AS,Asia,IL,Israel,M,"Central District",,,Yaqum,,Asia/Jerusalem
293248,en,AS,Asia,IL,Israel,HA,Haifa,,,Yagur,,Asia/Jerusalem
293253,en,AS,Asia,IL,Israel,TA,"Tel Aviv",,,Jaffa,,Asia/Jerusalem
293257,en,AS,Asia,IL,Israel,D,"Southern District",,,"Yad Natan",,Asia/Jerusalem
293259,en,AS,Asia,IL,Israel,M,"Central District",,,"Yad Hanna",,Asia/Jerusalem
293262,en,AS,Asia,IL,Israel,M,"Central District",,,"Yad Binyamin",,Asia/Jerusalem
293279,en,AS,Asia,IL,Israel,D,"Southern District",,,Urim,,Asia/Jerusalem
293291,en,AS,Asia,IL,Israel,M,"Central District",,,Udim,,Asia/Jerusalem
293303,en,AS,Asia,IL,Israel,JM,Jerusalem,,,Tirosh,,Asia/Jerusalem
293305,en,AS,Asia,IL,Israel,M,"Central District",,,"Tirat Yehuda",,Asia/Jerusalem
293308,en,AS,Asia,IL,Israel,HA,Haifa,,,"Tirat Karmel",,Asia/Jerusalem
293310,en,AS,Asia,IL,Israel,Z,"Northern District",,,Timrat,,Asia/Jerusalem
293317,en,AS,Asia,IL,Israel,D,"Southern District",,,Timmorim,,Asia/Jerusalem
293322,en,AS,Asia,IL,Israel,Z,"Northern District",,,Tiberias,,Asia/Jerusalem
293334,en,AS,Asia,IL,Israel,Z,"Northern District",,,"Tel Yosef",,Asia/Jerusalem
293354,en,AS,Asia,IL,Israel,M,"Central District",,,"Tel Mond",,Asia/Jerusalem
293396,en,AS,Asia,IL,Israel,TA,"Tel Aviv",,,,,Asia/Jerusalem
293397,en,AS,Asia,IL,Israel,TA,"Tel Aviv",,,"Tel Aviv",,Asia/Jerusalem
293426,en,AS,Asia,IL,Israel,Z,"Northern District",,,Tamra,,Asia/Jerusalem
293431,en,AS,Asia,IL,Israel,JM,Jerusalem,,,"Tal Shahar",,Asia/Jerusalem
293436,en,AS,Asia,IL,Israel,M,"Central District",,,"Talme Menashe",,Asia/Jerusalem
293455,en,AS,Asia,IL,Israel,M,"Central District",,,Sitriyya,,Asia/Jerusalem
293475,en,AS,Asia,IL,Israel,D,"Southern District",,,Shoval,,Asia/Jerusalem
293476,en,AS,Asia,IL,Israel,JM,Jerusalem,,,Shoresh,,Asia/Jerusalem
293538,en,AS,Asia,IL,Israel,M,"Central District",,,Shefayim,,Asia/Jerusalem
293548,en,AS,Asia,IL,Israel,Z,"Northern District",,,Sharona,,Asia/Jerusalem
293558,en,AS,Asia,IL,Israel,Z,"Northern District",,,Shamir,,Asia/Jerusalem
293576,en,AS,Asia,IL,Israel,D,"Southern District",,,Shafir,,Asia/Jerusalem
293604,en,AS,Asia,IL,Israel,D,"Southern District",,,Segula,,Asia/Jerusalem
293616,en,AS,Asia,IL,Israel,M,"Central District",,,"Sde Warburg",,Asia/Jerusalem
293619,en,AS,Asia,IL,Israel,D,"Southern District",,,Sderot,,Asia/Jerusalem
293633,en,AS,Asia,IL,Israel,M,"Central District",,,Savyon,,Asia/Jerusalem
293655,en,AS,Asia,IL,Israel,Z,"Northern District",,,Sakhnin,,Asia/Jerusalem
293672,en,AS,Asia,IL,Israel,D,"Southern District",,,Sa`ad,,Asia/Jerusalem
293688,en,AS,Asia,IL,Israel,Z,"Northern District",,,"Rosh Pinna",,Asia/Jerusalem
293701,en,AS,Asia,IL,Israel,M,"Central District",,,Rishpon,,Asia/Jerusalem
293703,en,AS,Asia,IL,Israel,M,"Central District",,,"Rishon LeZion",,Asia/Jerusalem
293711,en,AS,Asia,IL,Israel,D,"Southern District",,,Revivim,,Asia/Jerusalem
293712,en,AS,Asia,IL,Israel,D,"Southern District",,,Revadim,,Asia/Jerusalem
293725,en,AS,Asia,IL,Israel,M,"Central District",,,Rehovot,,Asia/Jerusalem
293766,en,AS,Asia,IL,Israel,Z,"Northern District",,,"Ram On",,Asia/Jerusalem
293768,en,AS,Asia,IL,Israel,M,"Central District",,,Ramla,,Asia/Jerusalem
293773,en,AS,Asia,IL,Israel,Z,"Northern District",,,"Ramat Yishay",,Asia/Jerusalem
293781,en,AS,Asia,IL,Israel,Z,"Northern District",,,"Ramat HaShofet",,Asia/Jerusalem
293783,en,AS,Asia,IL,Israel,TA,"Tel Aviv",,,"Ramat HaSharon",,Asia/Jerusalem
293785,en,AS,Asia,IL,Israel,M,"Central District",,,"Ramat HaKovesh",,Asia/Jerusalem
293788,en,AS,Asia,IL,Israel,TA,"Tel Aviv",,,"Ramat Gan",,Asia/Jerusalem
293791,en,AS,Asia,IL,Israel,Z,"Northern District",,,"Ramat Dawid",,Asia/Jerusalem
293807,en,AS,Asia,IL,Israel,M,"Central District",,,Ra'anana,,Asia/Jerusalem
293822,en,AS,Asia,IL,Israel,HA,Haifa,,,"Qiryat Yam",,Asia/Jerusalem
293823,en,AS,Asia,IL,Israel,HA,Haifa,,,"Qiryat Tiv`on",,Asia/Jerusalem
293831,en,AS,Asia,IL,Israel,HA,Haifa,,,"Qiryat Mozqin",,Asia/Jerusalem
293842,en,AS,Asia,IL,Israel,D,"Southern District",,,"Qiryat Gat",,Asia/Jerusalem
293844,en,AS,Asia,IL,Israel,HA,Haifa,,,"Qiryat Bialik",,Asia/Jerusalem
293845,en,AS,Asia,IL,Israel,HA,Haifa,,,"Qiryat Ata",,Asia/Jerusalem
293852,en,AS,Asia,IL,Israel,M,"Central District",,,Qidron,,Asia/Jerusalem
293857,en,AS,Asia,IL,Israel,M,"Central District",,,"Qevuzat Yavne",,Asia/Jerusalem
293898,en,AS,Asia,IL,Israel,M,"Central District",,,Kadima,,Asia/Jerusalem
293917,en,AS,Asia,IL,Israel,M,"Central District",,,"Nefat Petah Tiqwa",,Asia/Jerusalem
293918,en,AS,Asia,IL,Israel,M,"Central District",,,"Petah Tikwah",,Asia/Jerusalem
293942,en,AS,Asia,IL,Israel,M,"Central District",,,Pardesiyya,,Asia/Jerusalem
293943,en,AS,Asia,IL,Israel,HA,Haifa,,,"Pardes Hanna Karkur",,Asia/Jerusalem
293962,en,AS,Asia,IL,Israel,TA,"Tel Aviv",,,"Or Yehuda",,Asia/Jerusalem
293965,en,AS,Asia,IL,Israel,D,"Southern District",,,"Or HaNer",,Asia/Jerusalem
293969,en,AS,Asia,IL,Israel,HA,Haifa,,,"Or `Aqiva",,Asia/Jerusalem
293977,en,AS,Asia,IL,Israel,TA,"Tel Aviv",,,"Qiryat Ono",,Asia/Jerusalem
293978,en,AS,Asia,IL,Israel,M,"Central District",,,Omez,,Asia/Jerusalem
293992,en,AS,Asia,IL,Israel,D,"Southern District",,,Ofaqim,,Asia/Jerusalem
294003,en,AS,Asia,IL,Israel,M,"Central District",,,Nordiyya,,Asia/Jerusalem
294021,en,AS,Asia,IL,Israel,M,"Central District",,,"Nir Zevi",,Asia/Jerusalem
294026,en,AS,Asia,IL,Israel,D,"Southern District",,,"Nir Moshe",,Asia/Jerusalem
294033,en,AS,Asia,IL,Israel,D,"Southern District",,,"Nir Banim",,Asia/Jerusalem
294044,en,AS,Asia,IL,Israel,M,"Central District",,,"Newe Yamin",,Asia/Jerusalem
294045,en,AS,Asia,IL,Israel,HA,Haifa,,,"Newe Yam",,Asia/Jerusalem
294068,en,AS,Asia,IL,Israel,D,"Southern District",,,Netivot,,Asia/Jerusalem
294071,en,AS,Asia,IL,Israel,M,"Central District",,,Netanya,,Asia/Jerusalem
294074,en,AS,Asia,IL,Israel,M,"Central District",,,"Ness Ziona",,Asia/Jerusalem
294078,en,AS,Asia,IL,Israel,HA,Haifa,,,Nesher,,Asia/Jerusalem
294079,en,AS,Asia,IL,Israel,JM,Jerusalem,,,"Nes Harim",,Asia/Jerusalem
294089,en,AS,Asia,IL,Israel,Z,"Northern District",,,Nein,,Asia/Jerusalem
294092,en,AS,Asia,IL,Israel,D,"Southern District",,,Nehora,,Asia/Jerusalem
294093,en,AS,Asia,IL,Israel,M,"Central District",,,Nehalim,,Asia/Jerusalem
294095,en,AS,Asia,IL,Israel,D,"Southern District",,,Negba,,Asia/Jerusalem
294097,en,AS,Asia,IL,Israel,Z,"Northern District",,,"Nazerat `Illit",,Asia/Jerusalem
294098,en,AS,Asia,IL,Israel,Z,"Northern District",,,Nazareth,,Asia/Jerusalem
294117,en,AS,Asia,IL,Israel,Z,"Northern District",,,Nahariya,,Asia/Jerusalem
294127,en,AS,Asia,IL,Israel,Z,"Northern District",,,Nahalal,,Asia/Jerusalem
294147,en,AS,Asia,IL,Israel,JM,Jerusalem,,,"Moza `Illit",,Asia/Jerusalem
294159,en,AS,Asia,IL,Israel,TA,"Tel Aviv",,,Moledet,,Asia/Jerusalem
294177,en,AS,Asia,IL,Israel,M,"Central District",,,Mishmeret,,Asia/Jerusalem
294179,en,AS,Asia,IL,Israel,Z,"Northern District",,,"Mishmar HaYarden",,Asia/Jerusalem
294184,en,AS,Asia,IL,Israel,D,"Southern District",,,"Mishmar HaNegev",,Asia/Jerusalem
294186,en,AS,Asia,IL,Israel,M,"Central District",,,"Mishmar Dawid",,Asia/Jerusalem
294214,en,AS,Asia,IL,Israel,Z,"Northern District",,,Migdal,,Asia/Jerusalem
294244,en,AS,Asia,IL,Israel,JM,Jerusalem,,,"Mevo Betar",,Asia/Jerusalem
294245,en,AS,Asia,IL,Israel,JM,Jerusalem,,,"Mevasseret Ziyyon",,Asia/Jerusalem
294251,en,AS,Asia,IL,Israel,Z,"Northern District",,,Mesillot,,Asia/Jerusalem
294252,en,AS,Asia,IL,Israel,JM,Jerusalem,,,"Mesillat Ziyyon",,Asia/Jerusalem
294260,en,AS,Asia,IL,Israel,Z,"Northern District",,,Merhavya,,Asia/Jerusalem
294285,en,AS,Asia,IL,Israel,Z,"Northern District",,,Megiddo,,Asia/Jerusalem
294286,en,AS,Asia,IL,Israel,HA,Haifa,,,Megadim,,Asia/Jerusalem
294302,en,AS,Asia,IL,Israel,M,"Central District",,,Mazliah,,Asia/Jerusalem
294303,en,AS,Asia,IL,Israel,M,"Central District",,,"Mazkeret Batya",,Asia/Jerusalem
294384,en,AS,Asia,IL,Israel,Z,"Northern District",,,Mahanayim,,Asia/Jerusalem
294387,en,AS,Asia,IL,Israel,Z,"Northern District",,,Maghar,,Asia/Jerusalem
294389,en,AS,Asia,IL,Israel,D,"Southern District",,,Magen,,Asia/Jerusalem
294410,en,AS,Asia,IL,Israel,HA,Haifa,,,"Ma`agan Mikha'el",,Asia/Jerusalem
294421,en,AS,Asia,IL,Israel,M,"Central District",,,Lod,,Asia/Jerusalem
294422,en,AS,Asia,IL,Israel,JM,Jerusalem,,,"Li On",,Asia/Jerusalem
294423,en,AS,Asia,IL,Israel,Z,"Northern District",,,Liman,,Asia/Jerusalem
294434,en,AS,Asia,IL,Israel,D,"Southern District",,,Lakhish,,Asia/Jerusalem
294437,en,AS,Asia,IL,Israel,D,"Southern District",,,Lahav,,Asia/Jerusalem
294449,en,AS,Asia,IL,Israel,D,"Southern District",,,"Kokhav Michael Sobell",,Asia/Jerusalem
294461,en,AS,Asia,IL,Israel,Z,"Northern District",,,Kinneret,,Asia/Jerusalem
294462,en,AS,Asia,IL,Israel,Z,"Northern District",,,Kinneret,,Asia/Jerusalem
294482,en,AS,Asia,IL,Israel,Z,"Northern District",,,"Kerem Maharal",,Asia/Jerusalem
294492,en,AS,Asia,IL,Israel,M,"Central District",,,"Kefar Yona",,Asia/Jerusalem
294495,en,AS,Asia,IL,Israel,Z,"Northern District",,,"Kefar Yehezqel",,Asia/Jerusalem
294498,en,AS,Asia,IL,Israel,M,"Central District",,,"Kefar Vitqin",,Asia/Jerusalem
294502,en,AS,Asia,IL,Israel,Z,"Northern District",,,"Kefar Tavor",,Asia/Jerusalem
294505,en,AS,Asia,IL,Israel,M,"Central District",,,"Kefar Sirkin",,Asia/Jerusalem
294514,en,AS,Asia,IL,Israel,M,"Central District",,,"Kfar Saba",,Asia/Jerusalem
294521,en,AS,Asia,IL,Israel,M,"Central District",,,"Kefar Netter",,Asia/Jerusalem
294530,en,AS,Asia,IL,Israel,M,"Central District",,,"Kefar Malal",,Asia/Jerusalem
294533,en,AS,Asia,IL,Israel,M,"Central District",,,"Kfar Hess",,Asia/Jerusalem
294553,en,AS,Asia,IL,Israel,M,"Central District",,,"Kefar Daniyyel",,Asia/Jerusalem
294558,en,AS,Asia,IL,Israel,M,"Central District",,,"Kefar Bilu",,Asia/Jerusalem
294577,en,AS,Asia,IL,Israel,Z,"Northern District",,,Karmi'el,,Asia/Jerusalem
294581,en,AS,Asia,IL,Israel,HA,Haifa,,,Karkur,,Asia/Jerusalem
294615,en,AS,Asia,IL,Israel,Z,"Northern District",,,Kabul,,Asia/Jerusalem
294640,en,AS,Asia,IL,Israel,,,,,,,Asia/Jerusalem
294666,en,AS,Asia,IL,Israel,Z,"Northern District",,,Hurfeish,,Asia/Jerusalem
294674,en,AS,Asia,IL,Israel,M,"Central District",,,Hulda,,Asia/Jerusalem
294680,en,AS,Asia,IL,Israel,Z,"Northern District",,,Hosen,,Asia/Jerusalem
294751,en,AS,Asia,IL,Israel,TA,"Tel Aviv",,,Holon,,Asia/Jerusalem
294754,en,AS,Asia,IL,Israel,M,"Central District",,,Hogla,,Asia/Jerusalem
294757,en,AS,Asia,IL,Israel,M,"Central District",,,Hofit,,Asia/Jerusalem
294760,en,AS,Asia,IL,Israel,M,"Central District",,,"Hod HaSharon",,Asia/Jerusalem
294778,en,AS,Asia,IL,Israel,TA,"Tel Aviv",,,Herzliya,,Asia/Jerusalem
294781,en,AS,Asia,IL,Israel,M,"Central District",,,Herut,,Asia/Jerusalem
294785,en,AS,Asia,IL,Israel,M,"Central District",,,Hemed,,Asia/Jerusalem
294801,en,AS,Asia,IL,Israel,HA,Haifa,,,Haifa,,Asia/Jerusalem
294807,en,AS,Asia,IL,Israel,D,"Southern District",,,"Hazor Ashdod",,Asia/Jerusalem
294824,en,AS,Asia,IL,Israel,Z,"Northern District",,,,,Asia/Jerusalem
294844,en,AS,Asia,IL,Israel,Z,"Northern District",,,HaSolelim,,Asia/Jerusalem
294881,en,AS,Asia,IL,Israel,M,"Central District",,,Hanni'el,,Asia/Jerusalem
294904,en,AS,Asia,IL,Israel,M,"Central District",,,,,Asia/Jerusalem
294923,en,AS,Asia,IL,Israel,HA,Haifa,,,"Merkaz HaKarmel",,Asia/Jerusalem
294924,en,AS,Asia,IL,Israel,HA,Haifa,,,HaHoterim,,Asia/Jerusalem
294926,en,AS,Asia,IL,Israel,Z,"Northern District",,,HaGosherim,,Asia/Jerusalem
294928,en,AS,Asia,IL,Israel,M,"Central District",,,Hagor,,Asia/Jerusalem
294942,en,AS,Asia,IL,Israel,M,"Central District",,,Hadid,,Asia/Jerusalem
294946,en,AS,Asia,IL,Israel,HA,Haifa,,,Hadera,,Asia/Jerusalem
295002,en,AS,Asia,IL,Israel,Z,"Northern District",,,Ginnosar,,Asia/Jerusalem
295004,en,AS,Asia,IL,Israel,Z,"Northern District",,,Ginnegar,,Asia/Jerusalem
295007,en,AS,Asia,IL,Israel,M,"Central District",,,Gimzo,,Asia/Jerusalem
295011,en,AS,Asia,IL,Israel,D,"Southern District",,,Gilat,,Asia/Jerusalem
295028,en,AS,Asia,IL,Israel,D,"Southern District",,,Gevulot,,Asia/Jerusalem
295035,en,AS,Asia,IL,Israel,Z,"Northern District",,,Gevat,,Asia/Jerusalem
295040,en,AS,Asia,IL,Israel,M,"Central District",,,Ge'ullim,,Asia/Jerusalem
295042,en,AS,Asia,IL,Israel,Z,"Northern District",,,"Gesher HaZiw",,Asia/Jerusalem
295043,en,AS,Asia,IL,Israel,Z,"Northern District",,,Gesher,,Asia/Jerusalem
295047,en,AS,Asia,IL,Israel,D,"Southern District",,,Gerofit,,Asia/Jerusalem
295055,en,AS,Asia,IL,Israel,TA,"Tel Aviv",,,"Gelil Yam",,Asia/Jerusalem
295064,en,AS,Asia,IL,Israel,M,"Central District",,,Gedera,,Asia/Jerusalem
295068,en,AS,Asia,IL,Israel,Z,"Northern District",,,Gazit,,Asia/Jerusalem
295080,en,AS,Asia,IL,Israel,M,"Central District",,,"Gan Yavne",,Asia/Jerusalem
295081,en,AS,Asia,IL,Israel,M,"Central District",,,"Gan Soreq",,Asia/Jerusalem
295082,en,AS,Asia,IL,Israel,HA,Haifa,,,"Gan Shomeron",,Asia/Jerusalem
295086,en,AS,Asia,IL,Israel,TA,"Tel Aviv",,,Gannot,,Asia/Jerusalem
295087,en,AS,Asia,IL,Israel,M,"Central District",,,"Ganne Yohanan",,Asia/Jerusalem
295089,en,AS,Asia,IL,Israel,M,"Central District",,,"Ganne Tiqwa",,Asia/Jerusalem
295093,en,AS,Asia,IL,Israel,M,"Central District",,,"Gan HaDarom",,Asia/Jerusalem
295119,en,AS,Asia,IL,Israel,Z,"Northern District",,,`Evron,,Asia/Jerusalem
295122,en,AS,Asia,IL,Israel,M,"Central District",,,"Even Yehuda",,Asia/Jerusalem
295124,en,AS,Asia,IL,Israel,JM,Jerusalem,,,"Even Sappir",,Asia/Jerusalem
295130,en,AS,Asia,IL,Israel,M,"Central District",,,"Et Taiyiba",,Asia/Jerusalem
295177,en,AS,Asia,IL,Israel,D,"Southern District",,,Erez,,Asia/Jerusalem
295185,en,AS,Asia,IL,Israel,M,"Central District",,,"Ein Sarid",,Asia/Jerusalem
295207,en,AS,Asia,IL,Israel,D,"Southern District",,,"`En HaShelosha",,Asia/Jerusalem
295226,en,AS,Asia,IL,Israel,M,"Central District",,,`Enat,,Asia/Jerusalem
295228,en,AS,Asia,IL,Israel,D,"Southern District",,,Emunim,,Asia/Jerusalem
295232,en,AS,Asia,IL,Israel,M,"Central District",,,Elyakhin,,Asia/Jerusalem
295256,en,AS,Asia,IL,Israel,Z,"Northern District",,,"El Makr",,Asia/Jerusalem
295277,en,AS,Asia,IL,Israel,D,"Southern District",,,Eilat,,Asia/Jerusalem
295314,en,AS,Asia,IL,Israel,D,"Southern District",,,Dorot,,Asia/Jerusalem
295316,en,AS,Asia,IL,Israel,HA,Haifa,,,Dor,,Asia/Jerusalem
295324,en,AS,Asia,IL,Israel,Z,"Northern District",,,Dishon,,Asia/Jerusalem
295328,en,AS,Asia,IL,Israel,D,"Southern District",,,Dimona,,Asia/Jerusalem
295339,en,AS,Asia,IL,Israel,Z,"Northern District",,,"Deir Hanna",,Asia/Jerusalem
295372,en,AS,Asia,IL,Israel,Z,"Northern District",,,"Bustan HaGalil",,Asia/Jerusalem
295395,en,AS,Asia,IL,Israel,D,"Southern District",,,Bizzaron,,Asia/Jerusalem
295410,en,AS,Asia,IL,Israel,HA,Haifa,,,Binyamina,,Asia/Jerusalem
295432,en,AS,Asia,IL,Israel,JM,Jerusalem,,,"Bet Shemesh",,Asia/Jerusalem
295441,en,AS,Asia,IL,Israel,HA,Haifa,,,"Bet Oren",,Asia/Jerusalem
295447,en,AS,Asia,IL,Israel,JM,Jerusalem,,,"Bet Neqofa",,Asia/Jerusalem
295448,en,AS,Asia,IL,Israel,M,"Central District",,,"Bet Nehemya",,Asia/Jerusalem
295449,en,AS,Asia,IL,Israel,JM,Jerusalem,,,"Bet Me'ir",,Asia/Jerusalem
295453,en,AS,Asia,IL,Israel,Z,"Northern District",,,"Bet Lehem HaGelilit",,Asia/Jerusalem
295461,en,AS,Asia,IL,Israel,M,"Central District",,,"Bet HaLewi",,Asia/Jerusalem
295475,en,AS,Asia,IL,Israel,M,"Central District",,,"Bet Dagan",,Asia/Jerusalem
295508,en,AS,Asia,IL,Israel,M,"Central District",,,"Ben Shemen",,Asia/Jerusalem
295512,en,AS,Asia,IL,Israel,M,"Central District",,,"Bene Darom",,Asia/Jerusalem
295514,en,AS,Asia,IL,Israel,TA,"Tel Aviv",,,"Bnei Brak",,Asia/Jerusalem
295517,en,AS,Asia,IL,Israel,M,"Central District",,,Benaya,,Asia/Jerusalem
295530,en,AS,Asia,IL,Israel,D,"Southern District",,,Beersheba,,Asia/Jerusalem
295545,en,AS,Asia,IL,Israel,M,"Central District",,,Bazra,,Asia/Jerusalem
295548,en,AS,Asia,IL,Israel,TA,"Tel Aviv",,,"Bat Yam",,Asia/Jerusalem
295568,en,AS,Asia,IL,Israel,Z,"Northern District",,,Baraq,,Asia/Jerusalem
295571,en,AS,Asia,IL,Israel,HA,Haifa,,,"Baqa el Gharbiya",,Asia/Jerusalem
295584,en,AS,Asia,IL,Israel,TA,"Tel Aviv",,,Azor,,Asia/Jerusalem
295601,en,AS,Asia,IL,Israel,Z,"Northern District",,,Avital,,Asia/Jerusalem
295605,en,AS,Asia,IL,Israel,D,"Southern District",,,Avigedor,,Asia/Jerusalem
295620,en,AS,Asia,IL,Israel,D,"Southern District",,,Ashqelon,,Asia/Jerusalem
295629,en,AS,Asia,IL,Israel,D,"Southern District",,,Ashdod,,Asia/Jerusalem
295632,en,AS,Asia,IL,Israel,M,"Central District",,,`Aseret,,Asia/Jerusalem
295635,en,AS,Asia,IL,Israel,D,"Southern District",,,`Arugot,,Asia/Jerusalem
295703,en,AS,Asia,IL,Israel,Z,"Northern District",,,`Amir,,Asia/Jerusalem
295721,en,AS,Asia,IL,Israel,Z,"Northern District",,,Acre,,Asia/Jerusalem
295727,en,AS,Asia,IL,Israel,M,"Central District",,,Ahituv,,Asia/Jerusalem
295729,en,AS,Asia,IL,Israel,Z,"Northern District",,,Ahihud,,Asia/Jerusalem
295743,en,AS,Asia,IL,Israel,Z,"Northern District",,,Afiqim,,Asia/Jerusalem
295902,en,AS,Asia,TR,Turkey,44,Malatya,,,Aksaray,,Europe/Istanbul
295914,en,AS,Asia,TR,Turkey,47,Mardin,,,Zeytinli,,Europe/Istanbul
296247,en,AS,Asia,TR,Turkey,21,Diyarbakir,,,Salat,,Europe/Istanbul
296379,en,AS,Asia,TR,Turkey,01,Adana,,,Bahcelievler,,Europe/Istanbul
296560,en,AS,Asia,TR,Turkey,66,Yozgat,,,,,Europe/Istanbul
296562,en,AS,Asia,TR,Turkey,66,Yozgat,,,Yozgat,,Europe/Istanbul
296791,en,AS,Asia,TR,Turkey,44,Malatya,,,Yesilyurt,,Europe/Istanbul
296852,en,AS,Asia,TR,Turkey,31,Hatay,,,Erzin,,Europe/Istanbul
296895,en,AS,Asia,TR,Turkey,66,Yozgat,,,Yerkoy,,Europe/Istanbul
296954,en,AS,Asia,TR,Turkey,06,Ankara,,,Yenimahalle,,Europe/Istanbul
297090,en,AS,Asia,TR,Turkey,09,Aydın,,,Didim,,Europe/Istanbul
297147,en,AS,Asia,TR,Turkey,17,Canakkale,,,Yenice,,Europe/Istanbul
297533,en,AS,Asia,TR,Turkey,07,Antalya,,,Yavuz,,Europe/Istanbul
297564,en,AS,Asia,TR,Turkey,48,"Muğla",,,Yatagan,,Europe/Istanbul
297789,en,AS,Asia,TR,Turkey,32,Isparta,,,Yalvac,,Europe/Istanbul
297906,en,AS,Asia,TR,Turkey,35,Izmir,,,Yaka,,Europe/Istanbul
297925,en,AS,Asia,TR,Turkey,71,Kırıkkale,,,Yahsihan,,Europe/Istanbul
298022,en,AS,Asia,TR,Turkey,48,"Muğla",,,Calardi,,Europe/Istanbul
298033,en,AS,Asia,TR,Turkey,63,"Şanlıurfa",,,"Viranşehir",,Europe/Istanbul
298113,en,AS,Asia,TR,Turkey,65,Van,,,,,Europe/Istanbul
298117,en,AS,Asia,TR,Turkey,65,Van,,,Van,,Europe/Istanbul
298298,en,AS,Asia,TR,Turkey,64,"Uşak",,,,,Europe/Istanbul
298299,en,AS,Asia,TR,Turkey,64,"Uşak",,,"Uşak",,Europe/Istanbul
298326,en,AS,Asia,TR,Turkey,50,Nevsehir,,,UErguep,,Europe/Istanbul
298332,en,AS,Asia,TR,Turkey,63,"Şanlıurfa",,,,,Europe/Istanbul
298333,en,AS,Asia,TR,Turkey,63,"Şanlıurfa",,,Sanliurfa,,Europe/Istanbul
298795,en,AS,Asia,TR,Turkey,,,,,,,Europe/Istanbul
298806,en,AS,Asia,TR,Turkey,45,Manisa,,,Turgutlu,,Europe/Istanbul
298846,en,AS,Asia,TR,Turkey,62,Tunceli,,,Tunceli,,Europe/Istanbul
298935,en,AS,Asia,TR,Turkey,35,Izmir,,,Torbali,,Europe/Istanbul
299137,en,AS,Asia,TR,Turkey,35,Izmir,,,Tire,,Europe/Istanbul
299575,en,AS,Asia,TR,Turkey,20,Denizli,,,Tavas,,Europe/Istanbul
299817,en,AS,Asia,TR,Turkey,33,Mersin,,,Tarsus,,Europe/Istanbul
299900,en,AS,Asia,TR,Turkey,38,Kayseri,,,Talas,,Europe/Istanbul
300148,en,AS,Asia,TR,Turkey,03,Afyonkarahisar,,,Sulumenli,,Europe/Istanbul
300199,en,AS,Asia,TR,Turkey,26,"Eskişehir",,,Sultandere,,Europe/Istanbul
300399,en,AS,Asia,TR,Turkey,09,Aydın,,,Soeke,,Europe/Istanbul
300614,en,AS,Asia,TR,Turkey,63,"Şanlıurfa",,,Siverek,,Europe/Istanbul
300617,en,AS,Asia,TR,Turkey,58,Sivas,,,,,Europe/Istanbul
300619,en,AS,Asia,TR,Turkey,58,Sivas,,,Sivas,,Europe/Istanbul
300640,en,AS,Asia,TR,Turkey,73,"Şırnak",,,Sirnak,,Europe/Istanbul
300748,en,AS,Asia,TR,Turkey,06,Ankara,,,Sincan,,Europe/Istanbul
300754,en,AS,Asia,TR,Turkey,03,Afyonkarahisar,,,Sinanpasa,,Europe/Istanbul
300791,en,AS,Asia,TR,Turkey,43,Kütahya,,,Simav,,Europe/Istanbul
300795,en,AS,Asia,TR,Turkey,56,Siirt,,,Sim,,Europe/Istanbul
300821,en,AS,Asia,TR,Turkey,56,Siirt,,,,,Europe/Istanbul
300822,en,AS,Asia,TR,Turkey,56,Siirt,,,Siirt,,Europe/Istanbul
300997,en,AS,Asia,TR,Turkey,01,Adana,,,Seyhan,,Europe/Istanbul
301101,en,AS,Asia,TR,Turkey,07,Antalya,,,Serik,,Europe/Istanbul
301238,en,AS,Asia,TR,Turkey,07,Antalya,,,Side,,Europe/Istanbul
301250,en,AS,Asia,TR,Turkey,45,Manisa,,,Akselendi,,Europe/Istanbul
301350,en,AS,Asia,TR,Turkey,35,Izmir,,,Seferihisar,,Europe/Istanbul
301529,en,AS,Asia,TR,Turkey,65,Van,,,Edremit,,Europe/Istanbul
301537,en,AS,Asia,TR,Turkey,58,Sivas,,,Sarkisla,,Europe/Istanbul
301975,en,AS,Asia,TR,Turkey,31,Hatay,,,Samandag,,Europe/Istanbul
302043,en,AS,Asia,TR,Turkey,45,Manisa,,,Salihli,,Europe/Istanbul
302088,en,AS,Asia,TR,Turkey,46,"Kahramanmaraş",,,Seyrantepe,,Europe/Istanbul
302311,en,AS,Asia,TR,Turkey,06,Ankara,,,Sabanozu,,Europe/Istanbul
302525,en,AS,Asia,TR,Turkey,06,Ankara,,,Polatlı,,Europe/Istanbul
302819,en,AS,Asia,TR,Turkey,04,"Ağrı",,,Patnos,,Europe/Istanbul
302848,en,AS,Asia,TR,Turkey,03,Afyonkarahisar,,,Ahmetpasa,,Europe/Istanbul
302903,en,AS,Asia,TR,Turkey,20,Denizli,,,Pamukkale,,Europe/Istanbul
303195,en,AS,Asia,TR,Turkey,80,Osmaniye,,,Osmaniye,,Europe/Istanbul
303290,en,AS,Asia,TR,Turkey,68,Aksaray,,,Ortakoy,,Europe/Istanbul
303827,en,AS,Asia,TR,Turkey,51,Nigde,,,"Niğde",,Europe/Istanbul
303830,en,AS,Asia,TR,Turkey,50,Nevsehir,,,,,Europe/Istanbul
303831,en,AS,Asia,TR,Turkey,50,Nevsehir,,,"Nevşehir",,Europe/Istanbul
303873,en,AS,Asia,TR,Turkey,09,Aydın,,,Nazilli,,Europe/Istanbul
303905,en,AS,Asia,TR,Turkey,35,Izmir,,,Narlidere,,Europe/Istanbul
303962,en,AS,Asia,TR,Turkey,35,Izmir,,,Naldoken,,Europe/Istanbul
304041,en,AS,Asia,TR,Turkey,49,"Muş",,,,,Europe/Istanbul
304184,en,AS,Asia,TR,Turkey,48,"Muğla",,,Mugla,,Europe/Istanbul
304196,en,AS,Asia,TR,Turkey,40,"Kırşehir",,,Mucur,,Europe/Istanbul
304355,en,AS,Asia,TR,Turkey,48,"Muğla",,,Milas,,Europe/Istanbul
304382,en,AS,Asia,TR,Turkey,47,Mardin,,,Midyat,,Europe/Istanbul
304418,en,AS,Asia,TR,Turkey,33,Mersin,,,Mezitli,,Europe/Istanbul
304531,en,AS,Asia,TR,Turkey,33,Mersin,,,Mersin,,Europe/Istanbul
304612,en,AS,Asia,TR,Turkey,35,Izmir,,,Menemen,,Europe/Istanbul
304642,en,AS,Asia,TR,Turkey,38,Kayseri,,,Melikgazi,,Europe/Istanbul
304782,en,AS,Asia,TR,Turkey,48,"Muğla",,,Marmaris,,Europe/Istanbul
304794,en,AS,Asia,TR,Turkey,47,Mardin,,,,,Europe/Istanbul
304797,en,AS,Asia,TR,Turkey,47,Mardin,,,Mardin,,Europe/Istanbul
304825,en,AS,Asia,TR,Turkey,45,Manisa,,,,,Europe/Istanbul
304827,en,AS,Asia,TR,Turkey,45,Manisa,,,"Magnesia ad Sipylum",,Europe/Istanbul
304854,en,AS,Asia,TR,Turkey,07,Antalya,,,Manavgat,,Europe/Istanbul
304885,en,AS,Asia,TR,Turkey,06,Ankara,,,Mamak,,Europe/Istanbul
304919,en,AS,Asia,TR,Turkey,44,Malatya,,,,,Europe/Istanbul
304922,en,AS,Asia,TR,Turkey,44,Malatya,,,Malatya,,Europe/Istanbul
305171,en,AS,Asia,TR,Turkey,66,Yozgat,,,Kuzayca,,Europe/Istanbul
305267,en,AS,Asia,TR,Turkey,43,Kütahya,,,,,Europe/Istanbul
305268,en,AS,Asia,TR,Turkey,43,Kütahya,,,Kütahya,,Europe/Istanbul
305359,en,AS,Asia,TR,Turkey,09,Aydın,,,Kusadasi,,Europe/Istanbul
305681,en,AS,Asia,TR,Turkey,07,Antalya,,,Kumluca,,Europe/Istanbul
305810,en,AS,Asia,TR,Turkey,45,Manisa,,,Kula,,Europe/Istanbul
305969,en,AS,Asia,TR,Turkey,35,Izmir,,,Cigli,,Europe/Istanbul
306112,en,AS,Asia,TR,Turkey,01,Adana,,,Kozan,,Europe/Istanbul
306366,en,AS,Asia,TR,Turkey,25,Erzurum,,,Acarkoy,,Europe/Istanbul
306474,en,AS,Asia,TR,Turkey,07,Antalya,,,Korkuteli,,Europe/Istanbul
306570,en,AS,Asia,TR,Turkey,07,Antalya,,,Konyaalti,,Europe/Istanbul
306571,en,AS,Asia,TR,Turkey,42,Konya,,,Konya,,Europe/Istanbul
306630,en,AS,Asia,TR,Turkey,38,Kayseri,,,Konaklar,,Europe/Istanbul
306641,en,AS,Asia,TR,Turkey,35,Izmir,,,Konak,,Europe/Istanbul
307480,en,AS,Asia,TR,Turkey,09,Aydın,,,Kisir,,Europe/Istanbul
307515,en,AS,Asia,TR,Turkey,40,"Kırşehir",,,"Kırşehir",,Europe/Istanbul
307654,en,AS,Asia,TR,Turkey,71,Kırıkkale,,,Kirikkale,,Europe/Istanbul
307657,en,AS,Asia,TR,Turkey,31,Hatay,,,Kirikhan,,Europe/Istanbul
307727,en,AS,Asia,TR,Turkey,35,Izmir,,,Kiraz,,Europe/Istanbul
307864,en,AS,Asia,TR,Turkey,79,Kilis,,,Kilis,,Europe/Istanbul
307948,en,AS,Asia,TR,Turkey,12,Bingöl,,,Kasaba,,Europe/Istanbul
307992,en,AS,Asia,TR,Turkey,27,Gaziantep,,,Kelekli,,Europe/Istanbul
308097,en,AS,Asia,TR,Turkey,35,Izmir,,,Germiyan,,Europe/Istanbul
308335,en,AS,Asia,TR,Turkey,06,Ankara,,,Kecioeren,,Europe/Istanbul
308365,en,AS,Asia,TR,Turkey,32,Isparta,,,Keciborlu,,Europe/Istanbul
308464,en,AS,Asia,TR,Turkey,38,Kayseri,,,Kayseri,,Europe/Istanbul
308569,en,AS,Asia,TR,Turkey,21,Diyarbakir,,,Kayapinar,,Europe/Istanbul
308878,en,AS,Asia,TR,Turkey,32,Isparta,,,Katip,,Europe/Istanbul
308988,en,AS,Asia,TR,Turkey,35,Izmir,,,Karsiyaka,,Europe/Istanbul
309134,en,AS,Asia,TR,Turkey,27,Gaziantep,,,Karkamis,,Europe/Istanbul
309178,en,AS,Asia,TR,Turkey,50,Nevsehir,,,Kalaba,,Europe/Istanbul
309527,en,AS,Asia,TR,Turkey,70,Karaman,,,Karaman,,Europe/Istanbul
309647,en,AS,Asia,TR,Turkey,04,"Ağrı",,,"Ağrı",,Europe/Istanbul
309653,en,AS,Asia,TR,Turkey,63,"Şanlıurfa",,,Karakopru,,Europe/Istanbul
310554,en,AS,Asia,TR,Turkey,58,Sivas,,,Kangal,,Europe/Istanbul
310605,en,AS,Asia,TR,Turkey,46,"Kahramanmaraş",,,Gursel,,Europe/Istanbul
310641,en,AS,Asia,TR,Turkey,40,"Kırşehir",,,Kaman,,Europe/Istanbul
310852,en,AS,Asia,TR,Turkey,38,Kayseri,,,Kahveci,,Europe/Istanbul
310859,en,AS,Asia,TR,Turkey,46,"Kahramanmaraş",,,"Kahramanmaraş",,Europe/Istanbul
310892,en,AS,Asia,TR,Turkey,01,Adana,,,Kadirli,,Europe/Istanbul
311044,en,AS,Asia,TR,Turkey,35,Izmir,,,,,Europe/Istanbul
311046,en,AS,Asia,TR,Turkey,35,Izmir,,,Izmir,,Europe/Istanbul
311071,en,AS,Asia,TR,Turkey,32,Isparta,,,,,Europe/Istanbul
311073,en,AS,Asia,TR,Turkey,32,Isparta,,,Isparta,,Europe/Istanbul
311111,en,AS,Asia,TR,Turkey,31,Hatay,,,İskenderun,,Europe/Istanbul
311665,en,AS,Asia,TR,Turkey,76,"Iğdır",,,"Iğdır",,Europe/Istanbul
311728,en,AS,Asia,TR,Turkey,33,Mersin,,,,,Europe/Istanbul
311729,en,AS,Asia,TR,Turkey,06,Ankara,,,"Ertugrul Gazi",,Europe/Istanbul
311730,en,AS,Asia,TR,Turkey,38,Kayseri,,,Icadiye,,Europe/Istanbul
311742,en,AS,Asia,TR,Turkey,27,Gaziantep,,,Ibrahimli,,Europe/Istanbul
312001,en,AS,Asia,TR,Turkey,42,Konya,,,Selcuklu,,Europe/Istanbul
312322,en,AS,Asia,TR,Turkey,21,Diyarbakir,,,Atakoy,,Europe/Istanbul
312394,en,AS,Asia,TR,Turkey,31,Hatay,,,,,Europe/Istanbul
312530,en,AS,Asia,TR,Turkey,38,Kayseri,,,Hassa,,Europe/Istanbul
313199,en,AS,Asia,TR,Turkey,68,Aksaray,,,Guzelyurt,,Europe/Istanbul
313434,en,AS,Asia,TR,Turkey,73,"Şırnak",,,Guneyyaka,,Europe/Istanbul
313549,en,AS,Asia,TR,Turkey,04,"Ağrı",,,Gunbuldu,,Europe/Istanbul
314038,en,AS,Asia,TR,Turkey,45,Manisa,,,Golmarmara,,Europe/Istanbul
314133,en,AS,Asia,TR,Turkey,06,Ankara,,,Golbasi,,Europe/Istanbul
314188,en,AS,Asia,TR,Turkey,46,"Kahramanmaraş",,,Goksun,,Europe/Istanbul
314573,en,AS,Asia,TR,Turkey,09,Aydın,,,Germencik,,Europe/Istanbul
314716,en,AS,Asia,TR,Turkey,43,Kütahya,,,Gediz,,Europe/Istanbul
314767,en,AS,Asia,TR,Turkey,01,Adana,,,Gecitli,,Europe/Istanbul
314830,en,AS,Asia,TR,Turkey,27,Gaziantep,,,Gaziantep,,Europe/Istanbul
314880,en,AS,Asia,TR,Turkey,06,Ankara,,,Guclukaya,,Europe/Istanbul
314967,en,AS,Asia,TR,Turkey,48,"Muğla",,,Fethiye,,Europe/Istanbul
314996,en,AS,Asia,TR,Turkey,38,Kayseri,,,Felahiye,,Europe/Istanbul
315061,en,AS,Asia,TR,Turkey,17,Canakkale,,,Ezine,,Europe/Istanbul
315107,en,AS,Asia,TR,Turkey,49,"Muş",,,Yagcilar,,Europe/Istanbul
315155,en,AS,Asia,TR,Turkey,06,Ankara,,,Etimesgut,,Europe/Istanbul
315201,en,AS,Asia,TR,Turkey,26,"Eskişehir",,,,,Europe/Istanbul
315202,en,AS,Asia,TR,Turkey,26,"Eskişehir",,,"Eskişehir",,Europe/Istanbul
315203,en,AS,Asia,TR,Turkey,64,"Uşak",,,Eskisaray,,Europe/Istanbul
315353,en,AS,Asia,TR,Turkey,15,Burdur,,,Niyazlar,,Europe/Istanbul
315367,en,AS,Asia,TR,Turkey,25,Erzurum,,,,,Europe/Istanbul
315368,en,AS,Asia,TR,Turkey,25,Erzurum,,,Erzurum,,Europe/Istanbul
315372,en,AS,Asia,TR,Turkey,24,Erzincan,,,,,Europe/Istanbul
315373,en,AS,Asia,TR,Turkey,24,Erzincan,,,Erzincan,,Europe/Istanbul
315498,en,AS,Asia,TR,Turkey,42,Konya,,,Heraclea,,Europe/Istanbul
315515,en,AS,Asia,TR,Turkey,33,Mersin,,,Erdemli,,Europe/Istanbul
315621,en,AS,Asia,TR,Turkey,03,Afyonkarahisar,,,Emirdag,,Europe/Istanbul
315720,en,AS,Asia,TR,Turkey,06,Ankara,,,Elmadag,,Europe/Istanbul
315795,en,AS,Asia,TR,Turkey,46,"Kahramanmaraş",,,Elbistan,,Europe/Istanbul
315807,en,AS,Asia,TR,Turkey,23,"Elazığ",,,,,Europe/Istanbul
315808,en,AS,Asia,TR,Turkey,23,"Elazığ",,,"Elâzığ",,Europe/Istanbul
315945,en,AS,Asia,TR,Turkey,47,Mardin,,,Eglence,,Europe/Istanbul
315972,en,AS,Asia,TR,Turkey,38,Kayseri,,,Kocasinan,,Europe/Istanbul
